index,Date,Time,Global_active_power
0,1/1/07,0:00:00,2.58
1,1/1/07,0:01:00,2.552
2,1/1/07,0:02:00,2.55
3,1/1/07,0:03:00,2.55
4,1/1/07,0:04:00,2.554
5,1/1/07,0:05:00,2.55
6,1/1/07,0:06:00,2.534
7,1/1/07,0:07:00,2.484
8,1/1/07,0:08:00,2.468
9,1/1/07,0:09:00,2.486
10,1/1/07,0:10:00,2.492
11,1/1/07,0:11:00,2.5
12,1/1/07,0:12:00,2.494
13,1/1/07,0:13:00,2.492
14,1/1/07,0:14:00,2.48
15,1/1/07,0:15:00,2.478
16,1/1/07,0:16:00,2.47
17,1/1/07,0:17:00,2.466
18,1/1/07,0:18:00,2.456
19,1/1/07,0:19:00,2.46
20,1/1/07,0:20:00,2.544
21,1/1/07,0:21:00,2.55
22,1/1/07,0:22:00,2.554
23,1/1/07,0:23:00,2.65
24,1/1/07,0:24:00,2.682
25,1/1/07,0:25:00,2.66
26,1/1/07,0:26:00,2.65
27,1/1/07,0:27:00,2.654
28,1/1/07,0:28:00,2.642
29,1/1/07,0:29:00,2.644
30,1/1/07,0:30:00,2.648
31,1/1/07,0:31:00,2.646
32,1/1/07,0:32:00,2.644
33,1/1/07,0:33:00,2.656
34,1/1/07,0:34:00,2.65
35,1/1/07,0:35:00,2.642
36,1/1/07,0:36:00,2.63
37,1/1/07,0:37:00,2.606
38,1/1/07,0:38:00,2.556
39,1/1/07,0:39:00,2.602
40,1/1/07,0:40:00,2.602
41,1/1/07,0:41:00,2.594
42,1/1/07,0:42:00,2.6
43,1/1/07,0:43:00,2.602
44,1/1/07,0:44:00,2.6
45,1/1/07,0:45:00,2.598
46,1/1/07,0:46:00,2.59
47,1/1/07,0:47:00,2.554
48,1/1/07,0:48:00,2.484
49,1/1/07,0:49:00,2.472
50,1/1/07,0:50:00,2.486
51,1/1/07,0:51:00,2.486
52,1/1/07,0:52:00,2.482
53,1/1/07,0:53:00,2.484
54,1/1/07,0:54:00,2.48
55,1/1/07,0:55:00,2.458
56,1/1/07,0:56:00,2.46
57,1/1/07,0:57:00,2.462
58,1/1/07,0:58:00,2.472
59,1/1/07,0:59:00,2.466
60,1/1/07,1:00:00,2.466
61,1/1/07,1:01:00,2.59
62,1/1/07,1:02:00,2.59
63,1/1/07,1:03:00,2.576
64,1/1/07,1:04:00,2.566
65,1/1/07,1:05:00,2.564
66,1/1/07,1:06:00,2.56
67,1/1/07,1:07:00,2.552
68,1/1/07,1:08:00,2.564
69,1/1/07,1:09:00,2.558
70,1/1/07,1:10:00,2.56
71,1/1/07,1:11:00,2.576
72,1/1/07,1:12:00,2.57
73,1/1/07,1:13:00,2.56
74,1/1/07,1:14:00,2.566
75,1/1/07,1:15:00,2.502
76,1/1/07,1:16:00,2.482
77,1/1/07,1:17:00,2.478
78,1/1/07,1:18:00,2.482
79,1/1/07,1:19:00,2.58
80,1/1/07,1:20:00,2.564
81,1/1/07,1:21:00,2.58
82,1/1/07,1:22:00,2.572
83,1/1/07,1:23:00,2.566
84,1/1/07,1:24:00,2.57
85,1/1/07,1:25:00,2.57
86,1/1/07,1:26:00,2.566
87,1/1/07,1:27:00,2.504
88,1/1/07,1:28:00,2.474
89,1/1/07,1:29:00,2.456
90,1/1/07,1:30:00,2.448
91,1/1/07,1:31:00,2.446
92,1/1/07,1:32:00,2.452
93,1/1/07,1:33:00,2.452
94,1/1/07,1:34:00,2.452
95,1/1/07,1:35:00,2.444
96,1/1/07,1:36:00,2.444
97,1/1/07,1:37:00,2.462
98,1/1/07,1:38:00,2.51
99,1/1/07,1:39:00,2.546
100,1/1/07,1:40:00,2.548
101,1/1/07,1:41:00,2.548
102,1/1/07,1:42:00,2.552
103,1/1/07,1:43:00,2.544
104,1/1/07,1:44:00,2.538
105,1/1/07,1:45:00,2.548
106,1/1/07,1:46:00,2.554
107,1/1/07,1:47:00,2.552
108,1/1/07,1:48:00,2.55
109,1/1/07,1:49:00,2.548
110,1/1/07,1:50:00,2.552
111,1/1/07,1:51:00,2.548
112,1/1/07,1:52:00,2.502
113,1/1/07,1:53:00,2.466
114,1/1/07,1:54:00,2.48
115,1/1/07,1:55:00,2.474
116,1/1/07,1:56:00,2.47
117,1/1/07,1:57:00,2.464
118,1/1/07,1:58:00,2.45
119,1/1/07,1:59:00,2.496
120,1/1/07,2:00:00,2.504
121,1/1/07,2:01:00,2.54
122,1/1/07,2:02:00,2.568
123,1/1/07,2:03:00,2.566
124,1/1/07,2:04:00,2.574
125,1/1/07,2:05:00,2.582
126,1/1/07,2:06:00,2.576
127,1/1/07,2:07:00,2.556
128,1/1/07,2:08:00,2.502
129,1/1/07,2:09:00,2.514
130,1/1/07,2:10:00,2.508
131,1/1/07,2:11:00,2.52
132,1/1/07,2:12:00,2.518
133,1/1/07,2:13:00,2.518
134,1/1/07,2:14:00,2.514
135,1/1/07,2:15:00,2.54
136,1/1/07,2:16:00,2.608
137,1/1/07,2:17:00,2.622
138,1/1/07,2:18:00,2.618
139,1/1/07,2:19:00,2.618
140,1/1/07,2:20:00,2.624
141,1/1/07,2:21:00,2.632
142,1/1/07,2:22:00,2.63
143,1/1/07,2:23:00,2.622
144,1/1/07,2:24:00,2.614
145,1/1/07,2:25:00,2.596
146,1/1/07,2:26:00,2.598
147,1/1/07,2:27:00,2.584
148,1/1/07,2:28:00,2.592
149,1/1/07,2:29:00,2.568
150,1/1/07,2:30:00,2.514
151,1/1/07,2:31:00,2.518
152,1/1/07,2:32:00,2.518
153,1/1/07,2:33:00,2.522
154,1/1/07,2:34:00,2.532
155,1/1/07,2:35:00,2.542
156,1/1/07,2:36:00,2.532
157,1/1/07,2:37:00,2.504
158,1/1/07,2:38:00,2.498
159,1/1/07,2:39:00,2.5
160,1/1/07,2:40:00,2.57
161,1/1/07,2:41:00,2.568
162,1/1/07,2:42:00,2.576
163,1/1/07,2:43:00,2.574
164,1/1/07,2:44:00,2.614
165,1/1/07,2:45:00,2.654
166,1/1/07,2:46:00,2.67
167,1/1/07,2:47:00,2.666
168,1/1/07,2:48:00,2.624
169,1/1/07,2:49:00,2.58
170,1/1/07,2:50:00,2.586
171,1/1/07,2:51:00,2.592
172,1/1/07,2:52:00,2.588
173,1/1/07,2:53:00,2.692
174,1/1/07,2:54:00,2.696
175,1/1/07,2:55:00,2.69
176,1/1/07,2:56:00,2.694
177,1/1/07,2:57:00,2.68
178,1/1/07,2:58:00,2.666
179,1/1/07,2:59:00,2.654
180,1/1/07,3:00:00,2.648
181,1/1/07,3:01:00,2.666
182,1/1/07,3:02:00,2.672
183,1/1/07,3:03:00,2.67
184,1/1/07,3:04:00,2.672
185,1/1/07,3:05:00,2.666
186,1/1/07,3:06:00,2.662
187,1/1/07,3:07:00,2.58
188,1/1/07,3:08:00,2.57
189,1/1/07,3:09:00,2.57
190,1/1/07,3:10:00,2.568
191,1/1/07,3:11:00,2.58
192,1/1/07,3:12:00,2.558
193,1/1/07,3:13:00,2.522
194,1/1/07,3:14:00,2.52
195,1/1/07,3:15:00,2.506
196,1/1/07,3:16:00,2.532
197,1/1/07,3:17:00,2.55
198,1/1/07,3:18:00,2.54
199,1/1/07,3:19:00,2.764
200,1/1/07,3:20:00,2.7
201,1/1/07,3:21:00,2.8
202,1/1/07,3:22:00,2.54
203,1/1/07,3:23:00,2.548
204,1/1/07,3:24:00,2.554
205,1/1/07,3:25:00,2.558
206,1/1/07,3:26:00,2.542
207,1/1/07,3:27:00,2.536
208,1/1/07,3:28:00,2.534
209,1/1/07,3:29:00,2.468
210,1/1/07,3:30:00,2.522
211,1/1/07,3:31:00,2.556
212,1/1/07,3:32:00,2.536
213,1/1/07,3:33:00,2.532
214,1/1/07,3:34:00,2.536
215,1/1/07,3:35:00,2.534
216,1/1/07,3:36:00,2.538
217,1/1/07,3:37:00,2.538
218,1/1/07,3:38:00,2.54
219,1/1/07,3:39:00,2.54
220,1/1/07,3:40:00,2.546
221,1/1/07,3:41:00,2.55
222,1/1/07,3:42:00,2.542
223,1/1/07,3:43:00,2.544
224,1/1/07,3:44:00,2.466
225,1/1/07,3:45:00,2.45
226,1/1/07,3:46:00,2.446
227,1/1/07,3:47:00,2.456
228,1/1/07,3:48:00,2.46
229,1/1/07,3:49:00,2.448
230,1/1/07,3:50:00,2.458
231,1/1/07,3:51:00,2.456
232,1/1/07,3:52:00,2.452
233,1/1/07,3:53:00,2.448
234,1/1/07,3:54:00,2.45
235,1/1/07,3:55:00,2.45
236,1/1/07,3:56:00,2.456
237,1/1/07,3:57:00,2.43
238,1/1/07,3:58:00,2.42
239,1/1/07,3:59:00,2.404
240,1/1/07,4:00:00,2.4
241,1/1/07,4:01:00,2.416
242,1/1/07,4:02:00,2.476
243,1/1/07,4:03:00,2.474
244,1/1/07,4:04:00,2.482
245,1/1/07,4:05:00,2.484
246,1/1/07,4:06:00,2.474
247,1/1/07,4:07:00,2.474
248,1/1/07,4:08:00,2.58
249,1/1/07,4:09:00,2.574
250,1/1/07,4:10:00,2.518
251,1/1/07,4:11:00,2.522
252,1/1/07,4:12:00,2.498
253,1/1/07,4:13:00,2.496
254,1/1/07,4:14:00,2.496
255,1/1/07,4:15:00,2.486
256,1/1/07,4:16:00,2.488
257,1/1/07,4:17:00,2.48
258,1/1/07,4:18:00,2.488
259,1/1/07,4:19:00,2.49
260,1/1/07,4:20:00,2.484
261,1/1/07,4:21:00,2.464
262,1/1/07,4:22:00,2.398
263,1/1/07,4:23:00,2.392
264,1/1/07,4:24:00,2.406
265,1/1/07,4:25:00,2.398
266,1/1/07,4:26:00,2.398
267,1/1/07,4:27:00,2.398
268,1/1/07,4:28:00,2.402
269,1/1/07,4:29:00,2.406
270,1/1/07,4:30:00,2.412
271,1/1/07,4:31:00,2.42
272,1/1/07,4:32:00,2.418
273,1/1/07,4:33:00,2.422
274,1/1/07,4:34:00,2.418
275,1/1/07,4:35:00,2.416
276,1/1/07,4:36:00,2.42
277,1/1/07,4:37:00,2.424
278,1/1/07,4:38:00,2.43
279,1/1/07,4:39:00,2.434
280,1/1/07,4:40:00,2.436
281,1/1/07,4:41:00,2.43
282,1/1/07,4:42:00,2.468
283,1/1/07,4:43:00,2.516
284,1/1/07,4:44:00,2.508
285,1/1/07,4:45:00,2.548
286,1/1/07,4:46:00,2.6
287,1/1/07,4:47:00,2.592
288,1/1/07,4:48:00,2.598
289,1/1/07,4:49:00,2.58
290,1/1/07,4:50:00,2.55
291,1/1/07,4:51:00,2.508
292,1/1/07,4:52:00,2.516
293,1/1/07,4:53:00,2.512
294,1/1/07,4:54:00,2.508
295,1/1/07,4:55:00,2.508
296,1/1/07,4:56:00,2.51
297,1/1/07,4:57:00,2.516
298,1/1/07,4:58:00,2.524
299,1/1/07,4:59:00,2.46
300,1/1/07,5:00:00,2.436
301,1/1/07,5:01:00,2.434
302,1/1/07,5:02:00,2.432
303,1/1/07,5:03:00,2.442
304,1/1/07,5:04:00,2.442
305,1/1/07,5:05:00,2.418
306,1/1/07,5:06:00,2.428
307,1/1/07,5:07:00,2.42
308,1/1/07,5:08:00,2.426
309,1/1/07,5:09:00,2.488
310,1/1/07,5:10:00,2.508
311,1/1/07,5:11:00,2.52
312,1/1/07,5:12:00,2.524
313,1/1/07,5:13:00,2.524
314,1/1/07,5:14:00,2.524
315,1/1/07,5:15:00,2.506
316,1/1/07,5:16:00,2.496
317,1/1/07,5:17:00,2.482
318,1/1/07,5:18:00,2.484
319,1/1/07,5:19:00,2.48
320,1/1/07,5:20:00,2.496
321,1/1/07,5:21:00,2.488
322,1/1/07,5:22:00,2.484
323,1/1/07,5:23:00,2.616
324,1/1/07,5:24:00,2.652
325,1/1/07,5:25:00,2.646
326,1/1/07,5:26:00,2.646
327,1/1/07,5:27:00,2.652
328,1/1/07,5:28:00,2.654
329,1/1/07,5:29:00,2.65
330,1/1/07,5:30:00,2.644
331,1/1/07,5:31:00,2.646
332,1/1/07,5:32:00,2.572
333,1/1/07,5:33:00,2.584
334,1/1/07,5:34:00,2.58
335,1/1/07,5:35:00,2.564
336,1/1/07,5:36:00,2.526
337,1/1/07,5:37:00,2.398
338,1/1/07,5:38:00,2.376
339,1/1/07,5:39:00,2.38
340,1/1/07,5:40:00,2.39
341,1/1/07,5:41:00,2.392
342,1/1/07,5:42:00,2.396
343,1/1/07,5:43:00,2.416
344,1/1/07,5:44:00,2.408
345,1/1/07,5:45:00,2.4
346,1/1/07,5:46:00,2.398
347,1/1/07,5:47:00,2.396
348,1/1/07,5:48:00,2.4
349,1/1/07,5:49:00,2.422
350,1/1/07,5:50:00,2.422
351,1/1/07,5:51:00,2.416
352,1/1/07,5:52:00,2.4
353,1/1/07,5:53:00,2.392
354,1/1/07,5:54:00,2.38
355,1/1/07,5:55:00,2.372
356,1/1/07,5:56:00,2.372
357,1/1/07,5:57:00,2.364
358,1/1/07,5:58:00,2.38
359,1/1/07,5:59:00,2.39
360,1/1/07,6:00:00,2.46
361,1/1/07,6:01:00,2.502
362,1/1/07,6:02:00,2.496
363,1/1/07,6:03:00,2.49
364,1/1/07,6:04:00,2.482
365,1/1/07,6:05:00,2.538
366,1/1/07,6:06:00,2.544
367,1/1/07,6:07:00,2.546
368,1/1/07,6:08:00,2.55
369,1/1/07,6:09:00,2.548
370,1/1/07,6:10:00,2.544
371,1/1/07,6:11:00,2.548
372,1/1/07,6:12:00,2.546
373,1/1/07,6:13:00,2.508
374,1/1/07,6:14:00,2.382
375,1/1/07,6:15:00,2.374
376,1/1/07,6:16:00,2.378
377,1/1/07,6:17:00,2.378
378,1/1/07,6:18:00,2.392
379,1/1/07,6:19:00,2.41
380,1/1/07,6:20:00,2.404
381,1/1/07,6:21:00,2.402
382,1/1/07,6:22:00,2.4
383,1/1/07,6:23:00,2.392
384,1/1/07,6:24:00,2.394
385,1/1/07,6:25:00,2.378
386,1/1/07,6:26:00,2.384
387,1/1/07,6:27:00,2.388
388,1/1/07,6:28:00,2.392
389,1/1/07,6:29:00,2.392
390,1/1/07,6:30:00,2.402
391,1/1/07,6:31:00,2.404
392,1/1/07,6:32:00,2.406
393,1/1/07,6:33:00,2.4
394,1/1/07,6:34:00,2.406
395,1/1/07,6:35:00,2.408
396,1/1/07,6:36:00,2.392
397,1/1/07,6:37:00,2.406
398,1/1/07,6:38:00,2.48
399,1/1/07,6:39:00,2.474
400,1/1/07,6:40:00,2.484
401,1/1/07,6:41:00,2.49
402,1/1/07,6:42:00,2.498
403,1/1/07,6:43:00,2.502
404,1/1/07,6:44:00,2.51
405,1/1/07,6:45:00,2.5
406,1/1/07,6:46:00,2.492
407,1/1/07,6:47:00,2.56
408,1/1/07,6:48:00,2.538
409,1/1/07,6:49:00,2.534
410,1/1/07,6:50:00,2.54
411,1/1/07,6:51:00,2.516
412,1/1/07,6:52:00,2.478
413,1/1/07,6:53:00,2.484
414,1/1/07,6:54:00,2.476
415,1/1/07,6:55:00,2.444
416,1/1/07,6:56:00,2.394
417,1/1/07,6:57:00,2.396
418,1/1/07,6:58:00,2.396
419,1/1/07,6:59:00,2.396
420,1/1/07,7:00:00,2.396
421,1/1/07,7:01:00,2.388
422,1/1/07,7:02:00,2.39
423,1/1/07,7:03:00,2.386
424,1/1/07,7:04:00,2.374
425,1/1/07,7:05:00,2.362
426,1/1/07,7:06:00,2.362
427,1/1/07,7:07:00,2.376
428,1/1/07,7:08:00,2.362
429,1/1/07,7:09:00,2.364
430,1/1/07,7:10:00,2.366
431,1/1/07,7:11:00,2.36
432,1/1/07,7:12:00,2.362
433,1/1/07,7:13:00,2.368
434,1/1/07,7:14:00,2.378
435,1/1/07,7:15:00,2.488
436,1/1/07,7:16:00,2.478
437,1/1/07,7:17:00,2.482
438,1/1/07,7:18:00,2.476
439,1/1/07,7:19:00,2.466
440,1/1/07,7:20:00,2.458
441,1/1/07,7:21:00,2.464
442,1/1/07,7:22:00,2.468
443,1/1/07,7:23:00,2.47
444,1/1/07,7:24:00,2.472
445,1/1/07,7:25:00,2.474
446,1/1/07,7:26:00,2.46
447,1/1/07,7:27:00,2.444
448,1/1/07,7:28:00,2.496
449,1/1/07,7:29:00,2.448
450,1/1/07,7:30:00,2.422
451,1/1/07,7:31:00,2.43
452,1/1/07,7:32:00,2.432
453,1/1/07,7:33:00,2.43
454,1/1/07,7:34:00,2.476
455,1/1/07,7:35:00,2.502
456,1/1/07,7:36:00,2.508
457,1/1/07,7:37:00,2.468
458,1/1/07,7:38:00,2.44
459,1/1/07,7:39:00,2.442
460,1/1/07,7:40:00,2.45
461,1/1/07,7:41:00,2.458
462,1/1/07,7:42:00,2.468
463,1/1/07,7:43:00,2.444
464,1/1/07,7:44:00,2.444
465,1/1/07,7:45:00,2.442
466,1/1/07,7:46:00,2.448
467,1/1/07,7:47:00,2.438
468,1/1/07,7:48:00,2.432
469,1/1/07,7:49:00,2.448
470,1/1/07,7:50:00,2.446
471,1/1/07,7:51:00,2.45
472,1/1/07,7:52:00,2.53
473,1/1/07,7:53:00,2.554
474,1/1/07,7:54:00,2.536
475,1/1/07,7:55:00,2.538
476,1/1/07,7:56:00,2.536
477,1/1/07,7:57:00,2.534
478,1/1/07,7:58:00,2.522
479,1/1/07,7:59:00,2.526
480,1/1/07,8:00:00,2.532
481,1/1/07,8:01:00,2.528
482,1/1/07,8:02:00,2.51
483,1/1/07,8:03:00,2.474
484,1/1/07,8:04:00,2.462
485,1/1/07,8:05:00,2.46
486,1/1/07,8:06:00,2.448
487,1/1/07,8:07:00,2.374
488,1/1/07,8:08:00,2.38
489,1/1/07,8:09:00,2.452
490,1/1/07,8:10:00,2.454
491,1/1/07,8:11:00,2.448
492,1/1/07,8:12:00,2.45
493,1/1/07,8:13:00,2.448
494,1/1/07,8:14:00,2.45
495,1/1/07,8:15:00,2.456
496,1/1/07,8:16:00,2.444
497,1/1/07,8:17:00,2.438
498,1/1/07,8:18:00,2.372
499,1/1/07,8:19:00,2.366
500,1/1/07,8:20:00,2.362
501,1/1/07,8:21:00,2.364
502,1/1/07,8:22:00,2.376
503,1/1/07,8:23:00,2.394
504,1/1/07,8:24:00,2.392
505,1/1/07,8:25:00,2.398
506,1/1/07,8:26:00,2.4
507,1/1/07,8:27:00,2.388
508,1/1/07,8:28:00,2.4
509,1/1/07,8:29:00,2.422
510,1/1/07,8:30:00,2.49
511,1/1/07,8:31:00,2.476
512,1/1/07,8:32:00,2.48
513,1/1/07,8:33:00,2.478
514,1/1/07,8:34:00,2.488
515,1/1/07,8:35:00,2.484
516,1/1/07,8:36:00,2.492
517,1/1/07,8:37:00,2.494
518,1/1/07,8:38:00,2.484
519,1/1/07,8:39:00,2.472
520,1/1/07,8:40:00,2.466
521,1/1/07,8:41:00,2.47
522,1/1/07,8:42:00,2.476
523,1/1/07,8:43:00,2.482
524,1/1/07,8:44:00,2.436
525,1/1/07,8:45:00,2.392
526,1/1/07,8:46:00,2.388
527,1/1/07,8:47:00,2.388
528,1/1/07,8:48:00,2.394
529,1/1/07,8:49:00,2.472
530,1/1/07,8:50:00,2.474
531,1/1/07,8:51:00,2.47
532,1/1/07,8:52:00,2.454
533,1/1/07,8:53:00,2.458
534,1/1/07,8:54:00,2.458
535,1/1/07,8:55:00,2.45
536,1/1/07,8:56:00,2.454
537,1/1/07,8:57:00,2.454
538,1/1/07,8:58:00,2.394
539,1/1/07,8:59:00,2.394
540,1/1/07,9:00:00,2.384
541,1/1/07,9:01:00,2.37
542,1/1/07,9:02:00,2.368
543,1/1/07,9:03:00,2.362
544,1/1/07,9:04:00,2.364
545,1/1/07,9:05:00,2.362
546,1/1/07,9:06:00,2.364
547,1/1/07,9:07:00,2.388
548,1/1/07,9:08:00,2.456
549,1/1/07,9:09:00,2.444
550,1/1/07,9:10:00,2.45
551,1/1/07,9:11:00,2.46
552,1/1/07,9:12:00,2.468
553,1/1/07,9:13:00,2.464
554,1/1/07,9:14:00,2.464
555,1/1/07,9:15:00,2.456
556,1/1/07,9:16:00,2.44
557,1/1/07,9:17:00,2.448
558,1/1/07,9:18:00,2.46
559,1/1/07,9:19:00,3.504
560,1/1/07,9:20:00,3.502
561,1/1/07,9:21:00,3.498
562,1/1/07,9:22:00,3.406
563,1/1/07,9:23:00,3.398
564,1/1/07,9:24:00,3.38
565,1/1/07,9:25:00,3.39
566,1/1/07,9:26:00,3.406
567,1/1/07,9:27:00,3.442
568,1/1/07,9:28:00,3.444
569,1/1/07,9:29:00,3.504
570,1/1/07,9:30:00,3.506
571,1/1/07,9:31:00,3.5
572,1/1/07,9:32:00,3.498
573,1/1/07,9:33:00,3.512
574,1/1/07,9:34:00,3.514
575,1/1/07,9:35:00,3.51
576,1/1/07,9:36:00,3.522
577,1/1/07,9:37:00,3.506
578,1/1/07,9:38:00,3.434
579,1/1/07,9:39:00,3.44
580,1/1/07,9:40:00,3.442
581,1/1/07,9:41:00,3.458
582,1/1/07,9:42:00,3.456
583,1/1/07,9:43:00,3.452
584,1/1/07,9:44:00,3.458
585,1/1/07,9:45:00,3.5
586,1/1/07,9:46:00,3.538
587,1/1/07,9:47:00,3.54
588,1/1/07,9:48:00,3.526
589,1/1/07,9:49:00,3.542
590,1/1/07,9:50:00,3.558
591,1/1/07,9:51:00,3.542
592,1/1/07,9:52:00,3.528
593,1/1/07,9:53:00,3.512
594,1/1/07,9:54:00,3.502
595,1/1/07,9:55:00,3.49
596,1/1/07,9:56:00,3.486
597,1/1/07,9:57:00,3.468
598,1/1/07,9:58:00,3.482
599,1/1/07,9:59:00,3.5
600,1/1/07,10:00:00,3.48
601,1/1/07,10:01:00,3.498
602,1/1/07,10:02:00,3.504
603,1/1/07,10:03:00,3.5
604,1/1/07,10:04:00,3.484
605,1/1/07,10:05:00,3.474
606,1/1/07,10:06:00,3.482
607,1/1/07,10:07:00,3.478
608,1/1/07,10:08:00,2.916
609,1/1/07,10:09:00,2.498
610,1/1/07,10:10:00,2.51
611,1/1/07,10:11:00,2.506
612,1/1/07,10:12:00,2.482
613,1/1/07,10:13:00,2.5
614,1/1/07,10:14:00,2.484
615,1/1/07,10:15:00,2.47
616,1/1/07,10:16:00,2.442
617,1/1/07,10:17:00,2.6
618,1/1/07,10:18:00,2.746
619,1/1/07,10:19:00,2.314
620,1/1/07,10:20:00,2.28
621,1/1/07,10:21:00,2.284
622,1/1/07,10:22:00,2.29
623,1/1/07,10:23:00,2.376
624,1/1/07,10:24:00,2.42
625,1/1/07,10:25:00,2.414
626,1/1/07,10:26:00,2.416
627,1/1/07,10:27:00,2.394
628,1/1/07,10:28:00,2.472
629,1/1/07,10:29:00,2.614
630,1/1/07,10:30:00,2.616
631,1/1/07,10:31:00,2.64
632,1/1/07,10:32:00,2.634
633,1/1/07,10:33:00,2.63
634,1/1/07,10:34:00,2.644
635,1/1/07,10:35:00,2.648
636,1/1/07,10:36:00,2.636
637,1/1/07,10:37:00,2.616
638,1/1/07,10:38:00,2.542
639,1/1/07,10:39:00,2.542
640,1/1/07,10:40:00,2.546
641,1/1/07,10:41:00,2.55
642,1/1/07,10:42:00,2.538
643,1/1/07,10:43:00,2.54
644,1/1/07,10:44:00,2.536
645,1/1/07,10:45:00,2.544
646,1/1/07,10:46:00,2.598
647,1/1/07,10:47:00,2.612
648,1/1/07,10:48:00,2.614
649,1/1/07,10:49:00,2.602
650,1/1/07,10:50:00,2.6
651,1/1/07,10:51:00,2.592
652,1/1/07,10:52:00,2.602
653,1/1/07,10:53:00,2.6
654,1/1/07,10:54:00,2.602
655,1/1/07,10:55:00,2.512
656,1/1/07,10:56:00,2.512
657,1/1/07,10:57:00,2.498
658,1/1/07,10:58:00,2.508
659,1/1/07,10:59:00,2.522
660,1/1/07,11:00:00,2.51
661,1/1/07,11:01:00,2.594
662,1/1/07,11:02:00,2.608
663,1/1/07,11:03:00,2.602
664,1/1/07,11:04:00,2.596
665,1/1/07,11:05:00,2.602
666,1/1/07,11:06:00,2.596
667,1/1/07,11:07:00,2.594
668,1/1/07,11:08:00,2.614
669,1/1/07,11:09:00,2.618
670,1/1/07,11:10:00,2.618
671,1/1/07,11:11:00,2.62
672,1/1/07,11:12:00,2.624
673,1/1/07,11:13:00,2.636
674,1/1/07,11:14:00,2.624
675,1/1/07,11:15:00,2.6
676,1/1/07,11:16:00,2.518
677,1/1/07,11:17:00,2.532
678,1/1/07,11:18:00,2.536
679,1/1/07,11:19:00,2.54
680,1/1/07,11:20:00,2.542
681,1/1/07,11:21:00,2.526
682,1/1/07,11:22:00,2.52
683,1/1/07,11:23:00,2.52
684,1/1/07,11:24:00,2.532
685,1/1/07,11:25:00,2.564
686,1/1/07,11:26:00,2.596
687,1/1/07,11:27:00,2.604
688,1/1/07,11:28:00,2.594
689,1/1/07,11:29:00,2.59
690,1/1/07,11:30:00,2.602
691,1/1/07,11:31:00,2.608
692,1/1/07,11:32:00,2.612
693,1/1/07,11:33:00,2.598
694,1/1/07,11:34:00,2.544
695,1/1/07,11:35:00,2.524
696,1/1/07,11:36:00,2.522
697,1/1/07,11:37:00,2.534
698,1/1/07,11:38:00,2.528
699,1/1/07,11:39:00,2.608
700,1/1/07,11:40:00,2.624
701,1/1/07,11:41:00,2.616
702,1/1/07,11:42:00,2.612
703,1/1/07,11:43:00,2.602
704,1/1/07,11:44:00,2.6
705,1/1/07,11:45:00,2.592
706,1/1/07,11:46:00,2.592
707,1/1/07,11:47:00,2.592
708,1/1/07,11:48:00,2.584
709,1/1/07,11:49:00,2.58
710,1/1/07,11:50:00,2.586
711,1/1/07,11:51:00,2.584
712,1/1/07,11:52:00,2.59
713,1/1/07,11:53:00,2.594
714,1/1/07,11:54:00,2.522
715,1/1/07,11:55:00,2.526
716,1/1/07,11:56:00,2.536
717,1/1/07,11:57:00,2.532
718,1/1/07,11:58:00,2.53
719,1/1/07,11:59:00,2.516
720,1/1/07,12:00:00,2.478
721,1/1/07,12:01:00,2.48
722,1/1/07,12:02:00,2.502
723,1/1/07,12:03:00,2.508
724,1/1/07,12:04:00,2.504
725,1/1/07,12:05:00,2.576
726,1/1/07,12:06:00,2.588
727,1/1/07,12:07:00,2.578
728,1/1/07,12:08:00,2.562
729,1/1/07,12:09:00,2.57
730,1/1/07,12:10:00,2.576
731,1/1/07,12:11:00,2.554
732,1/1/07,12:12:00,2.562
733,1/1/07,12:13:00,2.562
734,1/1/07,12:14:00,2.484
735,1/1/07,12:15:00,2.49
736,1/1/07,12:16:00,2.512
737,1/1/07,12:17:00,2.596
738,1/1/07,12:18:00,2.616
739,1/1/07,12:19:00,2.618
740,1/1/07,12:20:00,2.642
741,1/1/07,12:21:00,2.628
742,1/1/07,12:22:00,2.628
743,1/1/07,12:23:00,2.63
744,1/1/07,12:24:00,2.628
745,1/1/07,12:25:00,2.7
746,1/1/07,12:26:00,2.7
747,1/1/07,12:27:00,2.684
748,1/1/07,12:28:00,2.696
749,1/1/07,12:29:00,2.706
750,1/1/07,12:30:00,2.7
751,1/1/07,12:31:00,2.676
752,1/1/07,12:32:00,2.606
753,1/1/07,12:33:00,2.61
754,1/1/07,12:34:00,2.602
755,1/1/07,12:35:00,2.616
756,1/1/07,12:36:00,2.608
757,1/1/07,12:37:00,2.612
758,1/1/07,12:38:00,2.626
759,1/1/07,12:39:00,2.64
760,1/1/07,12:40:00,2.64
761,1/1/07,12:41:00,2.624
762,1/1/07,12:42:00,2.614
763,1/1/07,12:43:00,2.616
764,1/1/07,12:44:00,2.61
765,1/1/07,12:45:00,2.69
766,1/1/07,12:46:00,2.682
767,1/1/07,12:47:00,2.686
768,1/1/07,12:48:00,2.694
769,1/1/07,12:49:00,2.708
770,1/1/07,12:50:00,2.706
771,1/1/07,12:51:00,2.716
772,1/1/07,12:52:00,2.678
773,1/1/07,12:53:00,2.592
774,1/1/07,12:54:00,2.562
775,1/1/07,12:55:00,2.666
776,1/1/07,12:56:00,2.668
777,1/1/07,12:57:00,2.648
778,1/1/07,12:58:00,2.646
779,1/1/07,12:59:00,2.652
780,1/1/07,13:00:00,2.662
781,1/1/07,13:01:00,2.652
782,1/1/07,13:02:00,2.63
783,1/1/07,13:03:00,2.612
784,1/1/07,13:04:00,2.616
785,1/1/07,13:05:00,2.64
786,1/1/07,13:06:00,2.632
787,1/1/07,13:07:00,2.64
788,1/1/07,13:08:00,2.64
789,1/1/07,13:09:00,2.574
790,1/1/07,13:10:00,2.542
791,1/1/07,13:11:00,2.532
792,1/1/07,13:12:00,2.512
793,1/1/07,13:13:00,2.514
794,1/1/07,13:14:00,2.512
795,1/1/07,13:15:00,2.512
796,1/1/07,13:16:00,2.516
797,1/1/07,13:17:00,2.53
798,1/1/07,13:18:00,2.528
799,1/1/07,13:19:00,2.528
800,1/1/07,13:20:00,2.546
801,1/1/07,13:21:00,2.556
802,1/1/07,13:22:00,2.572
803,1/1/07,13:23:00,2.566
804,1/1/07,13:24:00,2.556
805,1/1/07,13:25:00,2.644
806,1/1/07,13:26:00,2.632
807,1/1/07,13:27:00,2.622
808,1/1/07,13:28:00,2.612
809,1/1/07,13:29:00,2.61
810,1/1/07,13:30:00,2.614
811,1/1/07,13:31:00,2.618
812,1/1/07,13:32:00,2.642
813,1/1/07,13:33:00,2.676
814,1/1/07,13:34:00,2.644
815,1/1/07,13:35:00,2.644
816,1/1/07,13:36:00,2.644
817,1/1/07,13:37:00,2.644
818,1/1/07,13:38:00,2.63
819,1/1/07,13:39:00,2.63
820,1/1/07,13:40:00,2.62
821,1/1/07,13:41:00,2.626
822,1/1/07,13:42:00,2.638
823,1/1/07,13:43:00,2.646
824,1/1/07,13:44:00,2.632
825,1/1/07,13:45:00,2.622
826,1/1/07,13:46:00,2.622
827,1/1/07,13:47:00,2.52
828,1/1/07,13:48:00,2.26
829,1/1/07,13:49:00,0.204
830,1/1/07,13:50:00,0.204
831,1/1/07,13:51:00,0.238
832,1/1/07,13:52:00,0.318
833,1/1/07,13:53:00,0.318
834,1/1/07,13:54:00,0.214
835,1/1/07,13:55:00,0.204
836,1/1/07,13:56:00,0.206
837,1/1/07,13:57:00,0.206
838,1/1/07,13:58:00,0.296
839,1/1/07,13:59:00,0.324
840,1/1/07,14:00:00,1.164
841,1/1/07,14:01:00,3.016
842,1/1/07,14:02:00,0.342
843,1/1/07,14:03:00,0.556
844,1/1/07,14:04:00,0.636
845,1/1/07,14:05:00,0.63
846,1/1/07,14:06:00,0.626
847,1/1/07,14:07:00,0.626
848,1/1/07,14:08:00,0.622
849,1/1/07,14:09:00,0.618
850,1/1/07,14:10:00,0.614
851,1/1/07,14:11:00,0.612
852,1/1/07,14:12:00,0.61
853,1/1/07,14:13:00,0.604
854,1/1/07,14:14:00,0.546
855,1/1/07,14:15:00,0.536
856,1/1/07,14:16:00,0.536
857,1/1/07,14:17:00,0.534
858,1/1/07,14:18:00,0.534
859,1/1/07,14:19:00,0.534
860,1/1/07,14:20:00,0.536
861,1/1/07,14:21:00,0.504
862,1/1/07,14:22:00,0.446
863,1/1/07,14:23:00,0.442
864,1/1/07,14:24:00,0.44
865,1/1/07,14:25:00,0.442
866,1/1/07,14:26:00,0.45
867,1/1/07,14:27:00,0.442
868,1/1/07,14:28:00,0.442
869,1/1/07,14:29:00,1.262
870,1/1/07,14:30:00,1.44
871,1/1/07,14:31:00,1.3
872,1/1/07,14:32:00,1.286
873,1/1/07,14:33:00,1.276
874,1/1/07,14:34:00,1.272
875,1/1/07,14:35:00,1.378
876,1/1/07,14:36:00,1.416
877,1/1/07,14:37:00,1.514
878,1/1/07,14:38:00,1.5
879,1/1/07,14:39:00,1.496
880,1/1/07,14:40:00,1.5
881,1/1/07,14:41:00,1.506
882,1/1/07,14:42:00,1.504
883,1/1/07,14:43:00,1.508
884,1/1/07,14:44:00,1.508
885,1/1/07,14:45:00,1.51
886,1/1/07,14:46:00,1.506
887,1/1/07,14:47:00,1.448
888,1/1/07,14:48:00,1.912
889,1/1/07,14:49:00,2.748
890,1/1/07,14:50:00,2.76
891,1/1/07,14:51:00,2.752
892,1/1/07,14:52:00,2.768
893,1/1/07,14:53:00,2.768
894,1/1/07,14:54:00,2.732
895,1/1/07,14:55:00,2.694
896,1/1/07,14:56:00,2.692
897,1/1/07,14:57:00,2.688
898,1/1/07,14:58:00,2.69
899,1/1/07,14:59:00,2.69
900,1/1/07,15:00:00,2.686
901,1/1/07,15:01:00,2.694
902,1/1/07,15:02:00,2.694
903,1/1/07,15:03:00,2.686
904,1/1/07,15:04:00,2.676
905,1/1/07,15:05:00,2.676
906,1/1/07,15:06:00,2.676
907,1/1/07,15:07:00,2.668
908,1/1/07,15:08:00,2.672
909,1/1/07,15:09:00,2.666
910,1/1/07,15:10:00,2.668
911,1/1/07,15:11:00,2.66
912,1/1/07,15:12:00,2.644
913,1/1/07,15:13:00,2.654
914,1/1/07,15:14:00,2.646
915,1/1/07,15:15:00,2.648
916,1/1/07,15:16:00,2.718
917,1/1/07,15:17:00,2.664
918,1/1/07,15:18:00,2.646
919,1/1/07,15:19:00,2.644
920,1/1/07,15:20:00,2.738
921,1/1/07,15:21:00,2.714
922,1/1/07,15:22:00,2.722
923,1/1/07,15:23:00,2.718
924,1/1/07,15:24:00,2.716
925,1/1/07,15:25:00,2.652
926,1/1/07,15:26:00,1.444
927,1/1/07,15:27:00,1.424
928,1/1/07,15:28:00,1.378
929,1/1/07,15:29:00,1.38
930,1/1/07,15:30:00,1.38
931,1/1/07,15:31:00,1.386
932,1/1/07,15:32:00,1.376
933,1/1/07,15:33:00,1.378
934,1/1/07,15:34:00,1.376
935,1/1/07,15:35:00,1.376
936,1/1/07,15:36:00,1.362
937,1/1/07,15:37:00,1.294
938,1/1/07,15:38:00,1.26
939,1/1/07,15:39:00,1.262
940,1/1/07,15:40:00,1.272
941,1/1/07,15:41:00,1.272
942,1/1/07,15:42:00,1.274
943,1/1/07,15:43:00,1.266
944,1/1/07,15:44:00,1.272
945,1/1/07,15:45:00,1.272
946,1/1/07,15:46:00,1.282
947,1/1/07,15:47:00,1.28
948,1/1/07,15:48:00,1.274
949,1/1/07,15:49:00,1.26
950,1/1/07,15:50:00,1.266
951,1/1/07,15:51:00,1.27
952,1/1/07,15:52:00,1.276
953,1/1/07,15:53:00,1.278
954,1/1/07,15:54:00,1.35
955,1/1/07,15:55:00,1.332
956,1/1/07,15:56:00,1.332
957,1/1/07,15:57:00,1.334
958,1/1/07,15:58:00,1.332
959,1/1/07,15:59:00,1.334
960,1/1/07,16:00:00,1.338
961,1/1/07,16:01:00,1.332
962,1/1/07,16:02:00,1.374
963,1/1/07,16:03:00,1.388
964,1/1/07,16:04:00,1.366
965,1/1/07,16:05:00,1.37
966,1/1/07,16:06:00,1.372
967,1/1/07,16:07:00,1.374
968,1/1/07,16:08:00,1.372
969,1/1/07,16:09:00,1.372
970,1/1/07,16:10:00,1.364
971,1/1/07,16:11:00,1.358
972,1/1/07,16:12:00,1.354
973,1/1/07,16:13:00,1.354
974,1/1/07,16:14:00,1.354
975,1/1/07,16:15:00,1.358
976,1/1/07,16:16:00,1.362
977,1/1/07,16:17:00,1.358
978,1/1/07,16:18:00,1.356
979,1/1/07,16:19:00,1.32
980,1/1/07,16:20:00,1.254
981,1/1/07,16:21:00,1.25
982,1/1/07,16:22:00,1.26
983,1/1/07,16:23:00,1.264
984,1/1/07,16:24:00,1.264
985,1/1/07,16:25:00,1.26
986,1/1/07,16:26:00,1.252
987,1/1/07,16:27:00,1.256
988,1/1/07,16:28:00,1.258
989,1/1/07,16:29:00,1.256
990,1/1/07,16:30:00,1.262
991,1/1/07,16:31:00,1.27
992,1/1/07,16:32:00,1.3
993,1/1/07,16:33:00,1.342
994,1/1/07,16:34:00,1.342
995,1/1/07,16:35:00,1.354
996,1/1/07,16:36:00,1.366
997,1/1/07,16:37:00,1.368
998,1/1/07,16:38:00,1.372
999,1/1/07,16:39:00,1.378
1000,1/1/07,16:40:00,1.38
1001,1/1/07,16:41:00,1.466
1002,1/1/07,16:42:00,1.472
1003,1/1/07,16:43:00,1.474
1004,1/1/07,16:44:00,1.474
1005,1/1/07,16:45:00,1.584
1006,1/1/07,16:46:00,1.582
1007,1/1/07,16:47:00,1.564
1008,1/1/07,16:48:00,1.554
1009,1/1/07,16:49:00,1.544
1010,1/1/07,16:50:00,1.552
1011,1/1/07,16:51:00,1.41
1012,1/1/07,16:52:00,1.394
1013,1/1/07,16:53:00,1.388
1014,1/1/07,16:54:00,1.38
1015,1/1/07,16:55:00,1.384
1016,1/1/07,16:56:00,1.56
1017,1/1/07,16:57:00,1.708
1018,1/1/07,16:58:00,1.708
1019,1/1/07,16:59:00,1.704
1020,1/1/07,17:00:00,1.71
1021,1/1/07,17:01:00,1.682
1022,1/1/07,17:02:00,1.61
1023,1/1/07,17:03:00,1.598
1024,1/1/07,17:04:00,1.594
1025,1/1/07,17:05:00,1.592
1026,1/1/07,17:06:00,1.582
1027,1/1/07,17:07:00,1.572
1028,1/1/07,17:08:00,1.566
1029,1/1/07,17:09:00,1.568
1030,1/1/07,17:10:00,1.566
1031,1/1/07,17:11:00,1.572
1032,1/1/07,17:12:00,1.632
1033,1/1/07,17:13:00,1.656
1034,1/1/07,17:14:00,1.724
1035,1/1/07,17:15:00,1.728
1036,1/1/07,17:16:00,1.728
1037,1/1/07,17:17:00,1.736
1038,1/1/07,17:18:00,1.73
1039,1/1/07,17:19:00,1.728
1040,1/1/07,17:20:00,1.756
1041,1/1/07,17:21:00,1.726
1042,1/1/07,17:22:00,1.694
1043,1/1/07,17:23:00,1.654
1044,1/1/07,17:24:00,1.774
1045,1/1/07,17:25:00,2.306
1046,1/1/07,17:26:00,1.976
1047,1/1/07,17:27:00,2.358
1048,1/1/07,17:28:00,2.202
1049,1/1/07,17:29:00,2.188
1050,1/1/07,17:30:00,2.188
1051,1/1/07,17:31:00,1.592
1052,1/1/07,17:32:00,1.592
1053,1/1/07,17:33:00,1.574
1054,1/1/07,17:34:00,1.58
1055,1/1/07,17:35:00,1.56
1056,1/1/07,17:36:00,1.564
1057,1/1/07,17:37:00,1.568
1058,1/1/07,17:38:00,1.558
1059,1/1/07,17:39:00,1.564
1060,1/1/07,17:40:00,1.57
1061,1/1/07,17:41:00,1.522
1062,1/1/07,17:42:00,1.508
1063,1/1/07,17:43:00,1.482
1064,1/1/07,17:44:00,1.41
1065,1/1/07,17:45:00,1.39
1066,1/1/07,17:46:00,1.39
1067,1/1/07,17:47:00,1.452
1068,1/1/07,17:48:00,1.472
1069,1/1/07,17:49:00,1.466
1070,1/1/07,17:50:00,1.46
1071,1/1/07,17:51:00,1.466
1072,1/1/07,17:52:00,1.466
1073,1/1/07,17:53:00,1.456
1074,1/1/07,17:54:00,1.462
1075,1/1/07,17:55:00,1.454
1076,1/1/07,17:56:00,1.442
1077,1/1/07,17:57:00,1.402
1078,1/1/07,17:58:00,1.398
1079,1/1/07,17:59:00,1.408
1080,1/1/07,18:00:00,1.416
1081,1/1/07,18:01:00,1.422
1082,1/1/07,18:02:00,1.424
1083,1/1/07,18:03:00,1.434
1084,1/1/07,18:04:00,1.426
1085,1/1/07,18:05:00,1.422
1086,1/1/07,18:06:00,1.41
1087,1/1/07,18:07:00,1.404
1088,1/1/07,18:08:00,1.404
1089,1/1/07,18:09:00,1.498
1090,1/1/07,18:10:00,1.512
1091,1/1/07,18:11:00,1.52
1092,1/1/07,18:12:00,1.512
1093,1/1/07,18:13:00,1.498
1094,1/1/07,18:14:00,1.508
1095,1/1/07,18:15:00,1.5
1096,1/1/07,18:16:00,1.506
1097,1/1/07,18:17:00,1.504
1098,1/1/07,18:18:00,1.496
1099,1/1/07,18:19:00,1.502
1100,1/1/07,18:20:00,1.502
1101,1/1/07,18:21:00,1.504
1102,1/1/07,18:22:00,1.504
1103,1/1/07,18:23:00,1.51
1104,1/1/07,18:24:00,1.504
1105,1/1/07,18:25:00,1.472
1106,1/1/07,18:26:00,1.444
1107,1/1/07,18:27:00,1.5
1108,1/1/07,18:28:00,1.494
1109,1/1/07,18:29:00,1.466
1110,1/1/07,18:30:00,1.466
1111,1/1/07,18:31:00,1.472
1112,1/1/07,18:32:00,1.476
1113,1/1/07,18:33:00,1.472
1114,1/1/07,18:34:00,1.468
1115,1/1/07,18:35:00,1.458
1116,1/1/07,18:36:00,1.41
1117,1/1/07,18:37:00,1.396
1118,1/1/07,18:38:00,1.402
1119,1/1/07,18:39:00,1.4
1120,1/1/07,18:40:00,1.394
1121,1/1/07,18:41:00,1.4
1122,1/1/07,18:42:00,1.402
1123,1/1/07,18:43:00,1.41
1124,1/1/07,18:44:00,1.414
1125,1/1/07,18:45:00,1.422
1126,1/1/07,18:46:00,1.422
1127,1/1/07,18:47:00,1.424
1128,1/1/07,18:48:00,1.42
1129,1/1/07,18:49:00,1.414
1130,1/1/07,18:50:00,1.404
1131,1/1/07,18:51:00,1.518
1132,1/1/07,18:52:00,1.502
1133,1/1/07,18:53:00,1.5
1134,1/1/07,18:54:00,1.492
1135,1/1/07,18:55:00,1.502
1136,1/1/07,18:56:00,1.508
1137,1/1/07,18:57:00,1.508
1138,1/1/07,18:58:00,1.508
1139,1/1/07,18:59:00,1.512
1140,1/1/07,19:00:00,1.504
1141,1/1/07,19:01:00,1.512
1142,1/1/07,19:02:00,1.512
1143,1/1/07,19:03:00,1.514
1144,1/1/07,19:04:00,1.508
1145,1/1/07,19:05:00,1.5
1146,1/1/07,19:06:00,1.534
1147,1/1/07,19:07:00,1.518
1148,1/1/07,19:08:00,1.476
1149,1/1/07,19:09:00,1.472
1150,1/1/07,19:10:00,1.474
1151,1/1/07,19:11:00,1.476
1152,1/1/07,19:12:00,1.474
1153,1/1/07,19:13:00,1.462
1154,1/1/07,19:14:00,1.472
1155,1/1/07,19:15:00,1.452
1156,1/1/07,19:16:00,0.606
1157,1/1/07,19:17:00,0.36
1158,1/1/07,19:18:00,0.358
1159,1/1/07,19:19:00,0.36
1160,1/1/07,19:20:00,0.358
1161,1/1/07,19:21:00,0.358
1162,1/1/07,19:22:00,0.358
1163,1/1/07,19:23:00,0.356
1164,1/1/07,19:24:00,0.356
1165,1/1/07,19:25:00,0.358
1166,1/1/07,19:26:00,0.358
1167,1/1/07,19:27:00,0.358
1168,1/1/07,19:28:00,0.358
1169,1/1/07,19:29:00,0.36
1170,1/1/07,19:30:00,0.36
1171,1/1/07,19:31:00,0.362
1172,1/1/07,19:32:00,0.364
1173,1/1/07,19:33:00,0.47
1174,1/1/07,19:34:00,0.472
1175,1/1/07,19:35:00,0.466
1176,1/1/07,19:36:00,0.464
1177,1/1/07,19:37:00,0.462
1178,1/1/07,19:38:00,0.552
1179,1/1/07,19:39:00,0.544
1180,1/1/07,19:40:00,0.54
1181,1/1/07,19:41:00,0.538
1182,1/1/07,19:42:00,0.538
1183,1/1/07,19:43:00,0.536
1184,1/1/07,19:44:00,0.536
1185,1/1/07,19:45:00,0.532
1186,1/1/07,19:46:00,0.582
1187,1/1/07,19:47:00,0.608
1188,1/1/07,19:48:00,0.604
1189,1/1/07,19:49:00,0.534
1190,1/1/07,19:50:00,0.51
1191,1/1/07,19:51:00,0.508
1192,1/1/07,19:52:00,0.508
1193,1/1/07,19:53:00,0.508
1194,1/1/07,19:54:00,0.508
1195,1/1/07,19:55:00,0.472
1196,1/1/07,19:56:00,0.432
1197,1/1/07,19:57:00,0.432
1198,1/1/07,19:58:00,0.436
1199,1/1/07,19:59:00,0.438
1200,1/1/07,20:00:00,0.44
1201,1/1/07,20:01:00,0.436
1202,1/1/07,20:02:00,0.436
1203,1/1/07,20:03:00,0.434
1204,1/1/07,20:04:00,0.43
1205,1/1/07,20:05:00,0.43
1206,1/1/07,20:06:00,0.358
1207,1/1/07,20:07:00,0.358
1208,1/1/07,20:08:00,0.356
1209,1/1/07,20:09:00,0.354
1210,1/1/07,20:10:00,0.352
1211,1/1/07,20:11:00,0.35
1212,1/1/07,20:12:00,0.354
1213,1/1/07,20:13:00,0.354
1214,1/1/07,20:14:00,0.362
1215,1/1/07,20:15:00,0.468
1216,1/1/07,20:16:00,0.474
1217,1/1/07,20:17:00,0.466
1218,1/1/07,20:18:00,0.464
1219,1/1/07,20:19:00,0.462
1220,1/1/07,20:20:00,0.46
1221,1/1/07,20:21:00,0.458
1222,1/1/07,20:22:00,0.448
1223,1/1/07,20:23:00,0.452
1224,1/1/07,20:24:00,0.456
1225,1/1/07,20:25:00,0.458
1226,1/1/07,20:26:00,0.506
1227,1/1/07,20:27:00,0.53
1228,1/1/07,20:28:00,0.532
1229,1/1/07,20:29:00,0.536
1230,1/1/07,20:30:00,0.536
1231,1/1/07,20:31:00,0.46
1232,1/1/07,20:32:00,0.446
1233,1/1/07,20:33:00,0.44
1234,1/1/07,20:34:00,0.438
1235,1/1/07,20:35:00,0.404
1236,1/1/07,20:36:00,0.368
1237,1/1/07,20:37:00,0.368
1238,1/1/07,20:38:00,0.362
1239,1/1/07,20:39:00,0.362
1240,1/1/07,20:40:00,0.36
1241,1/1/07,20:41:00,0.358
1242,1/1/07,20:42:00,0.358
1243,1/1/07,20:43:00,0.364
1244,1/1/07,20:44:00,0.368
1245,1/1/07,20:45:00,0.366
1246,1/1/07,20:46:00,0.364
1247,1/1/07,20:47:00,0.366
1248,1/1/07,20:48:00,0.362
1249,1/1/07,20:49:00,0.364
1250,1/1/07,20:50:00,0.368
1251,1/1/07,20:51:00,0.366
1252,1/1/07,20:52:00,0.362
1253,1/1/07,20:53:00,0.36
1254,1/1/07,20:54:00,0.362
1255,1/1/07,20:55:00,0.36
1256,1/1/07,20:56:00,0.358
1257,1/1/07,20:57:00,0.474
1258,1/1/07,20:58:00,0.468
1259,1/1/07,20:59:00,0.472
1260,1/1/07,21:00:00,0.47
1261,1/1/07,21:01:00,0.468
1262,1/1/07,21:02:00,0.468
1263,1/1/07,21:03:00,0.466
1264,1/1/07,21:04:00,0.462
1265,1/1/07,21:05:00,0.458
1266,1/1/07,21:06:00,0.456
1267,1/1/07,21:07:00,0.522
1268,1/1/07,21:08:00,0.534
1269,1/1/07,21:09:00,0.534
1270,1/1/07,21:10:00,0.532
1271,1/1/07,21:11:00,0.534
1272,1/1/07,21:12:00,0.53
1273,1/1/07,21:13:00,0.466
1274,1/1/07,21:14:00,0.44
1275,1/1/07,21:15:00,0.434
1276,1/1/07,21:16:00,0.382
1277,1/1/07,21:17:00,0.362
1278,1/1/07,21:18:00,0.358
1279,1/1/07,21:19:00,0.364
1280,1/1/07,21:20:00,0.364
1281,1/1/07,21:21:00,0.366
1282,1/1/07,21:22:00,0.362
1283,1/1/07,21:23:00,0.36
1284,1/1/07,21:24:00,0.362
1285,1/1/07,21:25:00,0.362
1286,1/1/07,21:26:00,0.36
1287,1/1/07,21:27:00,0.36
1288,1/1/07,21:28:00,0.36
1289,1/1/07,21:29:00,0.36
1290,1/1/07,21:30:00,0.362
1291,1/1/07,21:31:00,0.364
1292,1/1/07,21:32:00,0.364
1293,1/1/07,21:33:00,0.368
1294,1/1/07,21:34:00,0.366
1295,1/1/07,21:35:00,0.366
1296,1/1/07,21:36:00,0.364
1297,1/1/07,21:37:00,0.362
1298,1/1/07,21:38:00,0.38
1299,1/1/07,21:39:00,0.47
1300,1/1/07,21:40:00,0.466
1301,1/1/07,21:41:00,0.464
1302,1/1/07,21:42:00,0.462
1303,1/1/07,21:43:00,0.46
1304,1/1/07,21:44:00,0.46
1305,1/1/07,21:45:00,0.458
1306,1/1/07,21:46:00,0.458
1307,1/1/07,21:47:00,0.534
1308,1/1/07,21:48:00,0.534
1309,1/1/07,21:49:00,0.534
1310,1/1/07,21:50:00,0.53
1311,1/1/07,21:51:00,0.53
1312,1/1/07,21:52:00,0.528
1313,1/1/07,21:53:00,0.528
1314,1/1/07,21:54:00,0.528
1315,1/1/07,21:55:00,0.458
1316,1/1/07,21:56:00,0.382
1317,1/1/07,21:57:00,0.368
1318,1/1/07,21:58:00,0.368
1319,1/1/07,21:59:00,0.364
1320,1/1/07,22:00:00,0.362
1321,1/1/07,22:01:00,0.362
1322,1/1/07,22:02:00,0.362
1323,1/1/07,22:03:00,0.36
1324,1/1/07,22:04:00,0.44
1325,1/1/07,22:05:00,0.446
1326,1/1/07,22:06:00,0.444
1327,1/1/07,22:07:00,0.444
1328,1/1/07,22:08:00,0.446
1329,1/1/07,22:09:00,0.444
1330,1/1/07,22:10:00,0.442
1331,1/1/07,22:11:00,0.44
1332,1/1/07,22:12:00,0.44
1333,1/1/07,22:13:00,0.44
1334,1/1/07,22:14:00,0.442
1335,1/1/07,22:15:00,0.442
1336,1/1/07,22:16:00,0.438
1337,1/1/07,22:17:00,0.442
1338,1/1/07,22:18:00,0.438
1339,1/1/07,22:19:00,0.438
1340,1/1/07,22:20:00,0.466
1341,1/1/07,22:21:00,0.548
1342,1/1/07,22:22:00,0.546
1343,1/1/07,22:23:00,0.55
1344,1/1/07,22:24:00,0.546
1345,1/1/07,22:25:00,0.544
1346,1/1/07,22:26:00,0.542
1347,1/1/07,22:27:00,0.61
1348,1/1/07,22:28:00,0.614
1349,1/1/07,22:29:00,0.612
1350,1/1/07,22:30:00,0.614
1351,1/1/07,22:31:00,0.61
1352,1/1/07,22:32:00,0.538
1353,1/1/07,22:33:00,0.538
1354,1/1/07,22:34:00,0.536
1355,1/1/07,22:35:00,0.54
1356,1/1/07,22:36:00,0.476
1357,1/1/07,22:37:00,0.378
1358,1/1/07,22:38:00,0.374
1359,1/1/07,22:39:00,0.372
1360,1/1/07,22:40:00,0.372
1361,1/1/07,22:41:00,0.374
1362,1/1/07,22:42:00,0.376
1363,1/1/07,22:43:00,0.376
1364,1/1/07,22:44:00,0.376
1365,1/1/07,22:45:00,0.376
1366,1/1/07,22:46:00,0.374
1367,1/1/07,22:47:00,0.374
1368,1/1/07,22:48:00,0.372
1369,1/1/07,22:49:00,0.372
1370,1/1/07,22:50:00,0.378
1371,1/1/07,22:51:00,0.386
1372,1/1/07,22:52:00,0.388
1373,1/1/07,22:53:00,0.386
1374,1/1/07,22:54:00,0.384
1375,1/1/07,22:55:00,0.386
1376,1/1/07,22:56:00,0.382
1377,1/1/07,22:57:00,0.374
1378,1/1/07,22:58:00,0.376
1379,1/1/07,22:59:00,0.376
1380,1/1/07,23:00:00,0.372
1381,1/1/07,23:01:00,0.37
1382,1/1/07,23:02:00,0.396
1383,1/1/07,23:03:00,0.484
1384,1/1/07,23:04:00,0.48
1385,1/1/07,23:05:00,0.476
1386,1/1/07,23:06:00,0.478
1387,1/1/07,23:07:00,0.522
1388,1/1/07,23:08:00,0.548
1389,1/1/07,23:09:00,0.548
1390,1/1/07,23:10:00,0.548
1391,1/1/07,23:11:00,0.546
1392,1/1/07,23:12:00,0.544
1393,1/1/07,23:13:00,0.546
1394,1/1/07,23:14:00,0.546
1395,1/1/07,23:15:00,0.544
1396,1/1/07,23:16:00,0.502
1397,1/1/07,23:17:00,0.472
1398,1/1/07,23:18:00,0.456
1399,1/1/07,23:19:00,0.378
1400,1/1/07,23:20:00,0.38
1401,1/1/07,23:21:00,0.376
1402,1/1/07,23:22:00,0.38
1403,1/1/07,23:23:00,0.38
1404,1/1/07,23:24:00,0.378
1405,1/1/07,23:25:00,0.376
1406,1/1/07,23:26:00,0.376
1407,1/1/07,23:27:00,0.378
1408,1/1/07,23:28:00,0.378
1409,1/1/07,23:29:00,0.376
1410,1/1/07,23:30:00,0.376
1411,1/1/07,23:31:00,0.378
1412,1/1/07,23:32:00,0.378
1413,1/1/07,23:33:00,0.378
1414,1/1/07,23:34:00,0.38
1415,1/1/07,23:35:00,0.378
1416,1/1/07,23:36:00,0.376
1417,1/1/07,23:37:00,0.38
1418,1/1/07,23:38:00,0.38
1419,1/1/07,23:39:00,0.378
1420,1/1/07,23:40:00,0.38
1421,1/1/07,23:41:00,0.38
1422,1/1/07,23:42:00,0.384
1423,1/1/07,23:43:00,0.384
1424,1/1/07,23:44:00,0.382
1425,1/1/07,23:45:00,0.494
1426,1/1/07,23:46:00,0.486
1427,1/1/07,23:47:00,0.484
1428,1/1/07,23:48:00,0.572
1429,1/1/07,23:49:00,0.558
1430,1/1/07,23:50:00,0.56
1431,1/1/07,23:51:00,0.556
1432,1/1/07,23:52:00,0.556
1433,1/1/07,23:53:00,0.548
1434,1/1/07,23:54:00,0.538
1435,1/1/07,23:55:00,0.536
1436,1/1/07,23:56:00,0.498
1437,1/1/07,23:57:00,0.464
1438,1/1/07,23:58:00,0.462
1439,1/1/07,23:59:00,0.46
1440,2/1/07,0:00:00,0.442
1441,2/1/07,0:01:00,0.37
1442,2/1/07,0:02:00,0.368
1443,2/1/07,0:03:00,0.37
1444,2/1/07,0:04:00,0.37
1445,2/1/07,0:05:00,0.368
1446,2/1/07,0:06:00,0.368
1447,2/1/07,0:07:00,0.366
1448,2/1/07,0:08:00,0.372
1449,2/1/07,0:09:00,0.37
1450,2/1/07,0:10:00,0.37
1451,2/1/07,0:11:00,0.372
1452,2/1/07,0:12:00,0.374
1453,2/1/07,0:13:00,0.372
1454,2/1/07,0:14:00,0.372
1455,2/1/07,0:15:00,0.37
1456,2/1/07,0:16:00,0.372
1457,2/1/07,0:17:00,0.372
1458,2/1/07,0:18:00,0.374
1459,2/1/07,0:19:00,0.374
1460,2/1/07,0:20:00,0.372
1461,2/1/07,0:21:00,0.372
1462,2/1/07,0:22:00,0.37
1463,2/1/07,0:23:00,0.372
1464,2/1/07,0:24:00,0.372
1465,2/1/07,0:25:00,0.376
1466,2/1/07,0:26:00,0.378
1467,2/1/07,0:27:00,0.468
1468,2/1/07,0:28:00,0.552
1469,2/1/07,0:29:00,0.556
1470,2/1/07,0:30:00,0.554
1471,2/1/07,0:31:00,0.65
1472,2/1/07,0:32:00,0.63
1473,2/1/07,0:33:00,0.626
1474,2/1/07,0:34:00,0.624
1475,2/1/07,0:35:00,0.622
1476,2/1/07,0:36:00,0.602
1477,2/1/07,0:37:00,0.554
1478,2/1/07,0:38:00,0.552
1479,2/1/07,0:39:00,0.55
1480,2/1/07,0:40:00,0.548
1481,2/1/07,0:41:00,0.546
1482,2/1/07,0:42:00,0.53
1483,2/1/07,0:43:00,0.45
1484,2/1/07,0:44:00,0.448
1485,2/1/07,0:45:00,0.45
1486,2/1/07,0:46:00,0.45
1487,2/1/07,0:47:00,0.45
1488,2/1/07,0:48:00,0.454
1489,2/1/07,0:49:00,0.452
1490,2/1/07,0:50:00,0.45
1491,2/1/07,0:51:00,0.452
1492,2/1/07,0:52:00,0.452
1493,2/1/07,0:53:00,0.452
1494,2/1/07,0:54:00,0.448
1495,2/1/07,0:55:00,0.448
1496,2/1/07,0:56:00,0.448
1497,2/1/07,0:57:00,0.448
1498,2/1/07,0:58:00,0.394
1499,2/1/07,0:59:00,0.378
1500,2/1/07,1:00:00,0.378
1501,2/1/07,1:01:00,0.378
1502,2/1/07,1:02:00,0.378
1503,2/1/07,1:03:00,0.378
1504,2/1/07,1:04:00,0.376
1505,2/1/07,1:05:00,0.374
1506,2/1/07,1:06:00,0.374
1507,2/1/07,1:07:00,0.374
1508,2/1/07,1:08:00,0.4
1509,2/1/07,1:09:00,0.532
1510,2/1/07,1:10:00,0.564
1511,2/1/07,1:11:00,0.56
1512,2/1/07,1:12:00,0.558
1513,2/1/07,1:13:00,0.556
1514,2/1/07,1:14:00,0.552
1515,2/1/07,1:15:00,0.55
1516,2/1/07,1:16:00,0.548
1517,2/1/07,1:17:00,0.484
1518,2/1/07,1:18:00,0.472
1519,2/1/07,1:19:00,0.472
1520,2/1/07,1:20:00,0.472
1521,2/1/07,1:21:00,0.474
1522,2/1/07,1:22:00,0.476
1523,2/1/07,1:23:00,0.474
1524,2/1/07,1:24:00,0.44
1525,2/1/07,1:25:00,0.374
1526,2/1/07,1:26:00,0.374
1527,2/1/07,1:27:00,0.372
1528,2/1/07,1:28:00,0.372
1529,2/1/07,1:29:00,0.374
1530,2/1/07,1:30:00,0.374
1531,2/1/07,1:31:00,0.374
1532,2/1/07,1:32:00,0.376
1533,2/1/07,1:33:00,0.376
1534,2/1/07,1:34:00,0.378
1535,2/1/07,1:35:00,0.376
1536,2/1/07,1:36:00,0.376
1537,2/1/07,1:37:00,0.376
1538,2/1/07,1:38:00,0.374
1539,2/1/07,1:39:00,0.372
1540,2/1/07,1:40:00,0.37
1541,2/1/07,1:41:00,0.374
1542,2/1/07,1:42:00,0.378
1543,2/1/07,1:43:00,0.376
1544,2/1/07,1:44:00,0.376
1545,2/1/07,1:45:00,0.376
1546,2/1/07,1:46:00,0.376
1547,2/1/07,1:47:00,0.376
1548,2/1/07,1:48:00,0.376
1549,2/1/07,1:49:00,0.412
1550,2/1/07,1:50:00,0.452
1551,2/1/07,1:51:00,0.506
1552,2/1/07,1:52:00,0.562
1553,2/1/07,1:53:00,0.556
1554,2/1/07,1:54:00,0.554
1555,2/1/07,1:55:00,0.55
1556,2/1/07,1:56:00,0.546
1557,2/1/07,1:57:00,0.532
1558,2/1/07,1:58:00,0.474
1559,2/1/07,1:59:00,0.47
1560,2/1/07,2:00:00,0.47
1561,2/1/07,2:01:00,0.476
1562,2/1/07,2:02:00,0.48
1563,2/1/07,2:03:00,0.478
1564,2/1/07,2:04:00,0.478
1565,2/1/07,2:05:00,0.476
1566,2/1/07,2:06:00,0.458
1567,2/1/07,2:07:00,0.382
1568,2/1/07,2:08:00,0.382
1569,2/1/07,2:09:00,0.382
1570,2/1/07,2:10:00,0.382
1571,2/1/07,2:11:00,0.382
1572,2/1/07,2:12:00,0.382
1573,2/1/07,2:13:00,0.382
1574,2/1/07,2:14:00,0.382
1575,2/1/07,2:15:00,0.384
1576,2/1/07,2:16:00,0.384
1577,2/1/07,2:17:00,0.386
1578,2/1/07,2:18:00,0.386
1579,2/1/07,2:19:00,0.384
1580,2/1/07,2:20:00,0.384
1581,2/1/07,2:21:00,0.384
1582,2/1/07,2:22:00,0.384
1583,2/1/07,2:23:00,0.382
1584,2/1/07,2:24:00,0.382
1585,2/1/07,2:25:00,0.382
1586,2/1/07,2:26:00,0.386
1587,2/1/07,2:27:00,0.386
1588,2/1/07,2:28:00,0.39
1589,2/1/07,2:29:00,0.386
1590,2/1/07,2:30:00,0.412
1591,2/1/07,2:31:00,0.458
1592,2/1/07,2:32:00,0.46
1593,2/1/07,2:33:00,0.482
1594,2/1/07,2:34:00,0.568
1595,2/1/07,2:35:00,0.564
1596,2/1/07,2:36:00,0.562
1597,2/1/07,2:37:00,0.562
1598,2/1/07,2:38:00,0.538
1599,2/1/07,2:39:00,0.488
1600,2/1/07,2:40:00,0.488
1601,2/1/07,2:41:00,0.484
1602,2/1/07,2:42:00,0.482
1603,2/1/07,2:43:00,0.48
1604,2/1/07,2:44:00,0.478
1605,2/1/07,2:45:00,0.478
1606,2/1/07,2:46:00,0.48
1607,2/1/07,2:47:00,0.482
1608,2/1/07,2:48:00,0.464
1609,2/1/07,2:49:00,0.388
1610,2/1/07,2:50:00,0.388
1611,2/1/07,2:51:00,0.386
1612,2/1/07,2:52:00,0.384
1613,2/1/07,2:53:00,0.384
1614,2/1/07,2:54:00,0.384
1615,2/1/07,2:55:00,0.384
1616,2/1/07,2:56:00,0.384
1617,2/1/07,2:57:00,0.384
1618,2/1/07,2:58:00,0.408
1619,2/1/07,2:59:00,0.468
1620,2/1/07,3:00:00,0.47
1621,2/1/07,3:01:00,0.466
1622,2/1/07,3:02:00,0.466
1623,2/1/07,3:03:00,0.468
1624,2/1/07,3:04:00,0.468
1625,2/1/07,3:05:00,0.47
1626,2/1/07,3:06:00,0.468
1627,2/1/07,3:07:00,0.47
1628,2/1/07,3:08:00,0.47
1629,2/1/07,3:09:00,0.468
1630,2/1/07,3:10:00,0.468
1631,2/1/07,3:11:00,0.468
1632,2/1/07,3:12:00,0.556
1633,2/1/07,3:13:00,0.538
1634,2/1/07,3:14:00,0.538
1635,2/1/07,3:15:00,0.538
1636,2/1/07,3:16:00,0.644
1637,2/1/07,3:17:00,0.644
1638,2/1/07,3:18:00,0.638
1639,2/1/07,3:19:00,0.622
1640,2/1/07,3:20:00,0.562
1641,2/1/07,3:21:00,0.56
1642,2/1/07,3:22:00,0.558
1643,2/1/07,3:23:00,0.556
1644,2/1/07,3:24:00,0.554
1645,2/1/07,3:25:00,0.55
1646,2/1/07,3:26:00,0.482
1647,2/1/07,3:27:00,0.48
1648,2/1/07,3:28:00,0.48
1649,2/1/07,3:29:00,0.478
1650,2/1/07,3:30:00,0.478
1651,2/1/07,3:31:00,0.384
1652,2/1/07,3:32:00,0.382
1653,2/1/07,3:33:00,0.378
1654,2/1/07,3:34:00,0.378
1655,2/1/07,3:35:00,0.38
1656,2/1/07,3:36:00,0.38
1657,2/1/07,3:37:00,0.38
1658,2/1/07,3:38:00,0.382
1659,2/1/07,3:39:00,0.382
1660,2/1/07,3:40:00,0.384
1661,2/1/07,3:41:00,0.388
1662,2/1/07,3:42:00,0.39
1663,2/1/07,3:43:00,0.388
1664,2/1/07,3:44:00,0.388
1665,2/1/07,3:45:00,0.388
1666,2/1/07,3:46:00,0.386
1667,2/1/07,3:47:00,0.384
1668,2/1/07,3:48:00,0.386
1669,2/1/07,3:49:00,0.386
1670,2/1/07,3:50:00,0.384
1671,2/1/07,3:51:00,0.384
1672,2/1/07,3:52:00,0.384
1673,2/1/07,3:53:00,0.44
1674,2/1/07,3:54:00,0.454
1675,2/1/07,3:55:00,0.456
1676,2/1/07,3:56:00,0.456
1677,2/1/07,3:57:00,0.456
1678,2/1/07,3:58:00,0.5
1679,2/1/07,3:59:00,0.566
1680,2/1/07,4:00:00,0.562
1681,2/1/07,4:01:00,0.512
1682,2/1/07,4:02:00,0.488
1683,2/1/07,4:03:00,0.49
1684,2/1/07,4:04:00,0.488
1685,2/1/07,4:05:00,0.484
1686,2/1/07,4:06:00,0.484
1687,2/1/07,4:07:00,0.482
1688,2/1/07,4:08:00,0.484
1689,2/1/07,4:09:00,0.482
1690,2/1/07,4:10:00,0.478
1691,2/1/07,4:11:00,0.478
1692,2/1/07,4:12:00,0.474
1693,2/1/07,4:13:00,0.412
1694,2/1/07,4:14:00,0.374
1695,2/1/07,4:15:00,0.376
1696,2/1/07,4:16:00,0.376
1697,2/1/07,4:17:00,0.378
1698,2/1/07,4:18:00,0.378
1699,2/1/07,4:19:00,0.378
1700,2/1/07,4:20:00,0.38
1701,2/1/07,4:21:00,0.382
1702,2/1/07,4:22:00,0.382
1703,2/1/07,4:23:00,0.38
1704,2/1/07,4:24:00,0.38
1705,2/1/07,4:25:00,0.38
1706,2/1/07,4:26:00,0.57
1707,2/1/07,4:27:00,1.534
1708,2/1/07,4:28:00,1.522
1709,2/1/07,4:29:00,1.486
1710,2/1/07,4:30:00,1.472
1711,2/1/07,4:31:00,1.464
1712,2/1/07,4:32:00,1.458
1713,2/1/07,4:33:00,1.458
1714,2/1/07,4:34:00,1.474
1715,2/1/07,4:35:00,1.518
1716,2/1/07,4:36:00,1.54
1717,2/1/07,4:37:00,1.538
1718,2/1/07,4:38:00,1.542
1719,2/1/07,4:39:00,1.54
1720,2/1/07,4:40:00,1.55
1721,2/1/07,4:41:00,1.636
1722,2/1/07,4:42:00,1.632
1723,2/1/07,4:43:00,1.582
1724,2/1/07,4:44:00,1.548
1725,2/1/07,4:45:00,1.556
1726,2/1/07,4:46:00,1.548
1727,2/1/07,4:47:00,1.558
1728,2/1/07,4:48:00,1.574
1729,2/1/07,4:49:00,1.572
1730,2/1/07,4:50:00,1.568
1731,2/1/07,4:51:00,1.574
1732,2/1/07,4:52:00,1.578
1733,2/1/07,4:53:00,1.564
1734,2/1/07,4:54:00,1.562
1735,2/1/07,4:55:00,1.512
1736,2/1/07,4:56:00,1.464
1737,2/1/07,4:57:00,1.456
1738,2/1/07,4:58:00,1.454
1739,2/1/07,4:59:00,1.452
1740,2/1/07,5:00:00,1.448
1741,2/1/07,5:01:00,1.452
1742,2/1/07,5:02:00,1.448
1743,2/1/07,5:03:00,1.444
1744,2/1/07,5:04:00,1.44
1745,2/1/07,5:05:00,1.438
1746,2/1/07,5:06:00,1.438
1747,2/1/07,5:07:00,1.442
1748,2/1/07,5:08:00,1.454
1749,2/1/07,5:09:00,1.46
1750,2/1/07,5:10:00,1.458
1751,2/1/07,5:11:00,1.448
1752,2/1/07,5:12:00,1.45
1753,2/1/07,5:13:00,1.446
1754,2/1/07,5:14:00,1.316
1755,2/1/07,5:15:00,0.372
1756,2/1/07,5:16:00,0.37
1757,2/1/07,5:17:00,0.37
1758,2/1/07,5:18:00,0.456
1759,2/1/07,5:19:00,0.444
1760,2/1/07,5:20:00,0.442
1761,2/1/07,5:21:00,0.444
1762,2/1/07,5:22:00,0.444
1763,2/1/07,5:23:00,0.554
1764,2/1/07,5:24:00,0.548
1765,2/1/07,5:25:00,0.536
1766,2/1/07,5:26:00,0.474
1767,2/1/07,5:27:00,0.472
1768,2/1/07,5:28:00,0.544
1769,2/1/07,5:29:00,0.558
1770,2/1/07,5:30:00,0.554
1771,2/1/07,5:31:00,0.554
1772,2/1/07,5:32:00,0.554
1773,2/1/07,5:33:00,0.554
1774,2/1/07,5:34:00,0.552
1775,2/1/07,5:35:00,0.55
1776,2/1/07,5:36:00,0.546
1777,2/1/07,5:37:00,0.51
1778,2/1/07,5:38:00,0.456
1779,2/1/07,5:39:00,0.456
1780,2/1/07,5:40:00,0.456
1781,2/1/07,5:41:00,0.46
1782,2/1/07,5:42:00,0.458
1783,2/1/07,5:43:00,0.454
1784,2/1/07,5:44:00,0.454
1785,2/1/07,5:45:00,0.454
1786,2/1/07,5:46:00,0.452
1787,2/1/07,5:47:00,0.454
1788,2/1/07,5:48:00,0.452
1789,2/1/07,5:49:00,0.454
1790,2/1/07,5:50:00,0.458
1791,2/1/07,5:51:00,0.46
1792,2/1/07,5:52:00,0.454
1793,2/1/07,5:53:00,0.452
1794,2/1/07,5:54:00,0.448
1795,2/1/07,5:55:00,0.386
1796,2/1/07,5:56:00,0.38
1797,2/1/07,5:57:00,0.384
1798,2/1/07,5:58:00,0.384
1799,2/1/07,5:59:00,0.386
1800,2/1/07,6:00:00,0.424
1801,2/1/07,6:01:00,0.462
1802,2/1/07,6:02:00,0.46
1803,2/1/07,6:03:00,0.46
1804,2/1/07,6:04:00,0.466
1805,2/1/07,6:05:00,0.516
1806,2/1/07,6:06:00,0.576
1807,2/1/07,6:07:00,0.572
1808,2/1/07,6:08:00,0.532
1809,2/1/07,6:09:00,0.492
1810,2/1/07,6:10:00,0.488
1811,2/1/07,6:11:00,0.484
1812,2/1/07,6:12:00,0.482
1813,2/1/07,6:13:00,0.478
1814,2/1/07,6:14:00,0.48
1815,2/1/07,6:15:00,0.48
1816,2/1/07,6:16:00,0.478
1817,2/1/07,6:17:00,0.478
1818,2/1/07,6:18:00,0.476
1819,2/1/07,6:19:00,0.476
1820,2/1/07,6:20:00,0.398
1821,2/1/07,6:21:00,0.38
1822,2/1/07,6:22:00,0.384
1823,2/1/07,6:23:00,0.382
1824,2/1/07,6:24:00,0.382
1825,2/1/07,6:25:00,0.382
1826,2/1/07,6:26:00,0.382
1827,2/1/07,6:27:00,0.382
1828,2/1/07,6:28:00,0.384
1829,2/1/07,6:29:00,0.384
1830,2/1/07,6:30:00,0.384
1831,2/1/07,6:31:00,0.382
1832,2/1/07,6:32:00,0.38
1833,2/1/07,6:33:00,0.38
1834,2/1/07,6:34:00,0.378
1835,2/1/07,6:35:00,0.374
1836,2/1/07,6:36:00,0.378
1837,2/1/07,6:37:00,0.378
1838,2/1/07,6:38:00,0.38
1839,2/1/07,6:39:00,0.38
1840,2/1/07,6:40:00,0.378
1841,2/1/07,6:41:00,0.376
1842,2/1/07,6:42:00,0.374
1843,2/1/07,6:43:00,0.388
1844,2/1/07,6:44:00,0.452
1845,2/1/07,6:45:00,0.448
1846,2/1/07,6:46:00,0.454
1847,2/1/07,6:47:00,0.456
1848,2/1/07,6:48:00,0.566
1849,2/1/07,6:49:00,0.566
1850,2/1/07,6:50:00,0.56
1851,2/1/07,6:51:00,0.556
1852,2/1/07,6:52:00,0.49
1853,2/1/07,6:53:00,0.482
1854,2/1/07,6:54:00,0.484
1855,2/1/07,6:55:00,0.484
1856,2/1/07,6:56:00,0.482
1857,2/1/07,6:57:00,0.478
1858,2/1/07,6:58:00,0.476
1859,2/1/07,6:59:00,0.474
1860,2/1/07,7:00:00,0.47
1861,2/1/07,7:01:00,0.468
1862,2/1/07,7:02:00,0.458
1863,2/1/07,7:03:00,0.372
1864,2/1/07,7:04:00,0.37
1865,2/1/07,7:05:00,0.368
1866,2/1/07,7:06:00,0.374
1867,2/1/07,7:07:00,0.374
1868,2/1/07,7:08:00,0.374
1869,2/1/07,7:09:00,0.37
1870,2/1/07,7:10:00,0.37
1871,2/1/07,7:11:00,0.374
1872,2/1/07,7:12:00,0.374
1873,2/1/07,7:13:00,0.374
1874,2/1/07,7:14:00,0.37
1875,2/1/07,7:15:00,0.364
1876,2/1/07,7:16:00,0.368
1877,2/1/07,7:17:00,0.372
1878,2/1/07,7:18:00,0.372
1879,2/1/07,7:19:00,0.374
1880,2/1/07,7:20:00,0.37
1881,2/1/07,7:21:00,0.366
1882,2/1/07,7:22:00,0.372
1883,2/1/07,7:23:00,0.376
1884,2/1/07,7:24:00,0.374
1885,2/1/07,7:25:00,0.374
1886,2/1/07,7:26:00,0.418
1887,2/1/07,7:27:00,0.44
1888,2/1/07,7:28:00,0.442
1889,2/1/07,7:29:00,0.444
1890,2/1/07,7:30:00,0.562
1891,2/1/07,7:31:00,0.548
1892,2/1/07,7:32:00,0.54
1893,2/1/07,7:33:00,0.534
1894,2/1/07,7:34:00,0.532
1895,2/1/07,7:35:00,0.47
1896,2/1/07,7:36:00,0.468
1897,2/1/07,7:37:00,0.468
1898,2/1/07,7:38:00,0.462
1899,2/1/07,7:39:00,0.46
1900,2/1/07,7:40:00,0.464
1901,2/1/07,7:41:00,0.464
1902,2/1/07,7:42:00,0.464
1903,2/1/07,7:43:00,0.462
1904,2/1/07,7:44:00,0.456
1905,2/1/07,7:45:00,0.4
1906,2/1/07,7:46:00,0.366
1907,2/1/07,7:47:00,0.364
1908,2/1/07,7:48:00,0.362
1909,2/1/07,7:49:00,0.36
1910,2/1/07,7:50:00,0.36
1911,2/1/07,7:51:00,0.364
1912,2/1/07,7:52:00,0.37
1913,2/1/07,7:53:00,0.368
1914,2/1/07,7:54:00,0.368
1915,2/1/07,7:55:00,0.364
1916,2/1/07,7:56:00,0.364
1917,2/1/07,7:57:00,0.394
1918,2/1/07,7:58:00,0.454
1919,2/1/07,7:59:00,0.456
1920,2/1/07,8:00:00,0.45
1921,2/1/07,8:01:00,0.442
1922,2/1/07,8:02:00,0.442
1923,2/1/07,8:03:00,0.448
1924,2/1/07,8:04:00,0.448
1925,2/1/07,8:05:00,0.446
1926,2/1/07,8:06:00,0.446
1927,2/1/07,8:07:00,0.446
1928,2/1/07,8:08:00,0.536
1929,2/1/07,8:09:00,0.528
1930,2/1/07,8:10:00,0.522
1931,2/1/07,8:11:00,0.514
1932,2/1/07,8:12:00,0.59
1933,2/1/07,8:13:00,0.612
1934,2/1/07,8:14:00,0.606
1935,2/1/07,8:15:00,0.6
1936,2/1/07,8:16:00,0.582
1937,2/1/07,8:17:00,0.53
1938,2/1/07,8:18:00,0.536
1939,2/1/07,8:19:00,0.53
1940,2/1/07,8:20:00,0.534
1941,2/1/07,8:21:00,0.534
1942,2/1/07,8:22:00,0.536
1943,2/1/07,8:23:00,0.538
1944,2/1/07,8:24:00,0.52
1945,2/1/07,8:25:00,0.464
1946,2/1/07,8:26:00,0.46
1947,2/1/07,8:27:00,0.458
1948,2/1/07,8:28:00,0.376
1949,2/1/07,8:29:00,0.364
1950,2/1/07,8:30:00,0.366
1951,2/1/07,8:31:00,0.368
1952,2/1/07,8:32:00,0.368
1953,2/1/07,8:33:00,0.37
1954,2/1/07,8:34:00,0.37
1955,2/1/07,8:35:00,0.37
1956,2/1/07,8:36:00,0.368
1957,2/1/07,8:37:00,0.37
1958,2/1/07,8:38:00,0.37
1959,2/1/07,8:39:00,0.366
1960,2/1/07,8:40:00,0.366
1961,2/1/07,8:41:00,0.366
1962,2/1/07,8:42:00,0.366
1963,2/1/07,8:43:00,0.366
1964,2/1/07,8:44:00,0.366
1965,2/1/07,8:45:00,0.366
1966,2/1/07,8:46:00,0.362
1967,2/1/07,8:47:00,0.368
1968,2/1/07,8:48:00,0.374
1969,2/1/07,8:49:00,0.45
1970,2/1/07,8:50:00,0.446
1971,2/1/07,8:51:00,0.448
1972,2/1/07,8:52:00,0.444
1973,2/1/07,8:53:00,0.44
1974,2/1/07,8:54:00,0.482
1975,2/1/07,8:55:00,0.546
1976,2/1/07,8:56:00,0.54
1977,2/1/07,8:57:00,0.512
1978,2/1/07,8:58:00,0.468
1979,2/1/07,8:59:00,0.464
1980,2/1/07,9:00:00,0.464
1981,2/1/07,9:01:00,0.462
1982,2/1/07,9:02:00,0.464
1983,2/1/07,9:03:00,0.47
1984,2/1/07,9:04:00,0.468
1985,2/1/07,9:05:00,0.464
1986,2/1/07,9:06:00,0.462
1987,2/1/07,9:07:00,0.462
1988,2/1/07,9:08:00,0.46
1989,2/1/07,9:09:00,0.458
1990,2/1/07,9:10:00,0.402
1991,2/1/07,9:11:00,0.362
1992,2/1/07,9:12:00,0.36
1993,2/1/07,9:13:00,0.362
1994,2/1/07,9:14:00,0.362
1995,2/1/07,9:15:00,0.364
1996,2/1/07,9:16:00,0.364
1997,2/1/07,9:17:00,0.366
1998,2/1/07,9:18:00,0.368
1999,2/1/07,9:19:00,0.368
2000,2/1/07,9:20:00,0.368
2001,2/1/07,9:21:00,0.37
2002,2/1/07,9:22:00,0.366
2003,2/1/07,9:23:00,0.368
2004,2/1/07,9:24:00,0.368
2005,2/1/07,9:25:00,0.37
2006,2/1/07,9:26:00,0.368
2007,2/1/07,9:27:00,0.366
2008,2/1/07,9:28:00,0.364
2009,2/1/07,9:29:00,0.44
2010,2/1/07,9:30:00,0.438
2011,2/1/07,9:31:00,0.438
2012,2/1/07,9:32:00,0.442
2013,2/1/07,9:33:00,0.446
2014,2/1/07,9:34:00,0.444
2015,2/1/07,9:35:00,0.44
2016,2/1/07,9:36:00,0.464
2017,2/1/07,9:37:00,0.508
2018,2/1/07,9:38:00,0.466
2019,2/1/07,9:39:00,0.464
2020,2/1/07,9:40:00,0.466
2021,2/1/07,9:41:00,0.462
2022,2/1/07,9:42:00,0.462
2023,2/1/07,9:43:00,0.462
2024,2/1/07,9:44:00,0.46
2025,2/1/07,9:45:00,0.458
2026,2/1/07,9:46:00,0.456
2027,2/1/07,9:47:00,0.456
2028,2/1/07,9:48:00,0.46
2029,2/1/07,9:49:00,0.458
2030,2/1/07,9:50:00,0.458
2031,2/1/07,9:51:00,0.46
2032,2/1/07,9:52:00,0.408
2033,2/1/07,9:53:00,0.364
2034,2/1/07,9:54:00,0.362
2035,2/1/07,9:55:00,0.36
2036,2/1/07,9:56:00,0.358
2037,2/1/07,9:57:00,0.358
2038,2/1/07,9:58:00,0.36
2039,2/1/07,9:59:00,0.36
2040,2/1/07,10:00:00,0.358
2041,2/1/07,10:01:00,0.358
2042,2/1/07,10:02:00,0.36
2043,2/1/07,10:03:00,0.364
2044,2/1/07,10:04:00,0.364
2045,2/1/07,10:05:00,0.364
2046,2/1/07,10:06:00,0.364
2047,2/1/07,10:07:00,0.36
2048,2/1/07,10:08:00,0.358
2049,2/1/07,10:09:00,0.432
2050,2/1/07,10:10:00,0.436
2051,2/1/07,10:11:00,0.436
2052,2/1/07,10:12:00,0.428
2053,2/1/07,10:13:00,0.426
2054,2/1/07,10:14:00,0.428
2055,2/1/07,10:15:00,0.428
2056,2/1/07,10:16:00,0.424
2057,2/1/07,10:17:00,0.402
2058,2/1/07,10:18:00,0.422
2059,2/1/07,10:19:00,0.476
2060,2/1/07,10:20:00,0.472
2061,2/1/07,10:21:00,0.468
2062,2/1/07,10:22:00,0.47
2063,2/1/07,10:23:00,0.466
2064,2/1/07,10:24:00,0.466
2065,2/1/07,10:25:00,0.464
2066,2/1/07,10:26:00,0.492
2067,2/1/07,10:27:00,0.546
2068,2/1/07,10:28:00,0.542
2069,2/1/07,10:29:00,0.54
2070,2/1/07,10:30:00,0.538
2071,2/1/07,10:31:00,0.536
2072,2/1/07,10:32:00,0.542
2073,2/1/07,10:33:00,0.546
2074,2/1/07,10:34:00,0.46
2075,2/1/07,10:35:00,0.452
2076,2/1/07,10:36:00,0.452
2077,2/1/07,10:37:00,0.45
2078,2/1/07,10:38:00,0.448
2079,2/1/07,10:39:00,0.448
2080,2/1/07,10:40:00,0.45
2081,2/1/07,10:41:00,0.44
2082,2/1/07,10:42:00,0.44
2083,2/1/07,10:43:00,0.438
2084,2/1/07,10:44:00,0.438
2085,2/1/07,10:45:00,0.438
2086,2/1/07,10:46:00,0.438
2087,2/1/07,10:47:00,0.44
2088,2/1/07,10:48:00,0.444
2089,2/1/07,10:49:00,0.5
2090,2/1/07,10:50:00,0.514
2091,2/1/07,10:51:00,0.512
2092,2/1/07,10:52:00,0.514
2093,2/1/07,10:53:00,0.502
2094,2/1/07,10:54:00,0.434
2095,2/1/07,10:55:00,0.436
2096,2/1/07,10:56:00,0.434
2097,2/1/07,10:57:00,0.43
2098,2/1/07,10:58:00,0.36
2099,2/1/07,10:59:00,0.366
2100,2/1/07,11:00:00,0.462
2101,2/1/07,11:01:00,0.472
2102,2/1/07,11:02:00,0.47
2103,2/1/07,11:03:00,0.474
2104,2/1/07,11:04:00,0.472
2105,2/1/07,11:05:00,0.468
2106,2/1/07,11:06:00,0.464
2107,2/1/07,11:07:00,0.464
2108,2/1/07,11:08:00,0.464
2109,2/1/07,11:09:00,0.462
2110,2/1/07,11:10:00,0.46
2111,2/1/07,11:11:00,0.462
2112,2/1/07,11:12:00,0.46
2113,2/1/07,11:13:00,0.46
2114,2/1/07,11:14:00,0.458
2115,2/1/07,11:15:00,0.454
2116,2/1/07,11:16:00,0.362
2117,2/1/07,11:17:00,0.362
2118,2/1/07,11:18:00,0.36
2119,2/1/07,11:19:00,0.358
2120,2/1/07,11:20:00,0.366
2121,2/1/07,11:21:00,0.368
2122,2/1/07,11:22:00,0.366
2123,2/1/07,11:23:00,0.368
2124,2/1/07,11:24:00,0.37
2125,2/1/07,11:25:00,0.368
2126,2/1/07,11:26:00,0.366
2127,2/1/07,11:27:00,0.368
2128,2/1/07,11:28:00,0.37
2129,2/1/07,11:29:00,0.412
2130,2/1/07,11:30:00,0.448
2131,2/1/07,11:31:00,0.45
2132,2/1/07,11:32:00,0.45
2133,2/1/07,11:33:00,0.45
2134,2/1/07,11:34:00,0.444
2135,2/1/07,11:35:00,0.444
2136,2/1/07,11:36:00,0.442
2137,2/1/07,11:37:00,0.446
2138,2/1/07,11:38:00,0.376
2139,2/1/07,11:39:00,0.378
2140,2/1/07,11:40:00,0.378
2141,2/1/07,11:41:00,0.376
2142,2/1/07,11:42:00,0.476
2143,2/1/07,11:43:00,0.488
2144,2/1/07,11:44:00,0.48
2145,2/1/07,11:45:00,0.474
2146,2/1/07,11:46:00,0.476
2147,2/1/07,11:47:00,0.478
2148,2/1/07,11:48:00,0.48
2149,2/1/07,11:49:00,0.476
2150,2/1/07,11:50:00,0.468
2151,2/1/07,11:51:00,0.466
2152,2/1/07,11:52:00,0.468
2153,2/1/07,11:53:00,0.464
2154,2/1/07,11:54:00,0.466
2155,2/1/07,11:55:00,0.466
2156,2/1/07,11:56:00,0.468
2157,2/1/07,11:57:00,0.45
2158,2/1/07,11:58:00,0.374
2159,2/1/07,11:59:00,0.376
2160,2/1/07,12:00:00,0.374
2161,2/1/07,12:01:00,0.374
2162,2/1/07,12:02:00,0.378
2163,2/1/07,12:03:00,0.38
2164,2/1/07,12:04:00,0.38
2165,2/1/07,12:05:00,0.378
2166,2/1/07,12:06:00,0.374
2167,2/1/07,12:07:00,0.374
2168,2/1/07,12:08:00,0.376
2169,2/1/07,12:09:00,0.434
2170,2/1/07,12:10:00,0.45
2171,2/1/07,12:11:00,0.448
2172,2/1/07,12:12:00,0.448
2173,2/1/07,12:13:00,0.448
2174,2/1/07,12:14:00,0.446
2175,2/1/07,12:15:00,0.444
2176,2/1/07,12:16:00,0.44
2177,2/1/07,12:17:00,0.432
2178,2/1/07,12:18:00,0.376
2179,2/1/07,12:19:00,0.376
2180,2/1/07,12:20:00,0.376
2181,2/1/07,12:21:00,0.374
2182,2/1/07,12:22:00,0.374
2183,2/1/07,12:23:00,0.374
2184,2/1/07,12:24:00,0.494
2185,2/1/07,12:25:00,0.482
2186,2/1/07,12:26:00,0.478
2187,2/1/07,12:27:00,0.476
2188,2/1/07,12:28:00,0.468
2189,2/1/07,12:29:00,0.468
2190,2/1/07,12:30:00,0.466
2191,2/1/07,12:31:00,0.466
2192,2/1/07,12:32:00,0.468
2193,2/1/07,12:33:00,0.472
2194,2/1/07,12:34:00,0.47
2195,2/1/07,12:35:00,0.472
2196,2/1/07,12:36:00,0.47
2197,2/1/07,12:37:00,0.47
2198,2/1/07,12:38:00,0.468
2199,2/1/07,12:39:00,0.422
2200,2/1/07,12:40:00,0.374
2201,2/1/07,12:41:00,0.374
2202,2/1/07,12:42:00,0.372
2203,2/1/07,12:43:00,0.368
2204,2/1/07,12:44:00,0.368
2205,2/1/07,12:45:00,0.368
2206,2/1/07,12:46:00,0.368
2207,2/1/07,12:47:00,0.37
2208,2/1/07,12:48:00,0.374
2209,2/1/07,12:49:00,0.404
2210,2/1/07,12:50:00,0.45
2211,2/1/07,12:51:00,0.45
2212,2/1/07,12:52:00,0.448
2213,2/1/07,12:53:00,0.448
2214,2/1/07,12:54:00,0.45
2215,2/1/07,12:55:00,0.472
2216,2/1/07,12:56:00,0.52
2217,2/1/07,12:57:00,0.522
2218,2/1/07,12:58:00,0.472
2219,2/1/07,12:59:00,0.448
2220,2/1/07,13:00:00,0.45
2221,2/1/07,13:01:00,0.45
2222,2/1/07,13:02:00,0.454
2223,2/1/07,13:03:00,0.458
2224,2/1/07,13:04:00,0.458
2225,2/1/07,13:05:00,0.508
2226,2/1/07,13:06:00,0.566
2227,2/1/07,13:07:00,0.56
2228,2/1/07,13:08:00,0.552
2229,2/1/07,13:09:00,0.552
2230,2/1/07,13:10:00,0.55
2231,2/1/07,13:11:00,0.546
2232,2/1/07,13:12:00,0.542
2233,2/1/07,13:13:00,0.542
2234,2/1/07,13:14:00,0.542
2235,2/1/07,13:15:00,0.542
2236,2/1/07,13:16:00,0.538
2237,2/1/07,13:17:00,0.54
2238,2/1/07,13:18:00,0.544
2239,2/1/07,13:19:00,0.544
2240,2/1/07,13:20:00,0.538
2241,2/1/07,13:21:00,0.47
2242,2/1/07,13:22:00,0.442
2243,2/1/07,13:23:00,0.374
2244,2/1/07,13:24:00,0.374
2245,2/1/07,13:25:00,0.372
2246,2/1/07,13:26:00,0.374
2247,2/1/07,13:27:00,0.372
2248,2/1/07,13:28:00,0.372
2249,2/1/07,13:29:00,0.372
2250,2/1/07,13:30:00,0.46
2251,2/1/07,13:31:00,0.446
2252,2/1/07,13:32:00,0.444
2253,2/1/07,13:33:00,0.446
2254,2/1/07,13:34:00,0.444
2255,2/1/07,13:35:00,0.44
2256,2/1/07,13:36:00,0.436
2257,2/1/07,13:37:00,0.434
2258,2/1/07,13:38:00,0.402
2259,2/1/07,13:39:00,0.37
2260,2/1/07,13:40:00,0.372
2261,2/1/07,13:41:00,0.374
2262,2/1/07,13:42:00,0.372
2263,2/1/07,13:43:00,0.374
2264,2/1/07,13:44:00,0.376
2265,2/1/07,13:45:00,0.37
2266,2/1/07,13:46:00,0.37
2267,2/1/07,13:47:00,0.444
2268,2/1/07,13:48:00,0.478
2269,2/1/07,13:49:00,0.474
2270,2/1/07,13:50:00,0.476
2271,2/1/07,13:51:00,0.474
2272,2/1/07,13:52:00,0.476
2273,2/1/07,13:53:00,0.476
2274,2/1/07,13:54:00,0.472
2275,2/1/07,13:55:00,0.472
2276,2/1/07,13:56:00,0.468
2277,2/1/07,13:57:00,0.468
2278,2/1/07,13:58:00,0.466
2279,2/1/07,13:59:00,0.468
2280,2/1/07,14:00:00,0.466
2281,2/1/07,14:01:00,0.472
2282,2/1/07,14:02:00,0.478
2283,2/1/07,14:03:00,0.39
2284,2/1/07,14:04:00,0.388
2285,2/1/07,14:05:00,0.382
2286,2/1/07,14:06:00,0.372
2287,2/1/07,14:07:00,0.374
2288,2/1/07,14:08:00,0.372
2289,2/1/07,14:09:00,0.376
2290,2/1/07,14:10:00,0.47
2291,2/1/07,14:11:00,0.454
2292,2/1/07,14:12:00,0.458
2293,2/1/07,14:13:00,0.458
2294,2/1/07,14:14:00,0.458
2295,2/1/07,14:15:00,0.458
2296,2/1/07,14:16:00,0.456
2297,2/1/07,14:17:00,0.456
2298,2/1/07,14:18:00,0.418
2299,2/1/07,14:19:00,0.39
2300,2/1/07,14:20:00,0.392
2301,2/1/07,14:21:00,0.394
2302,2/1/07,14:22:00,0.394
2303,2/1/07,14:23:00,0.394
2304,2/1/07,14:24:00,0.4
2305,2/1/07,14:25:00,0.398
2306,2/1/07,14:26:00,0.39
2307,2/1/07,14:27:00,0.39
2308,2/1/07,14:28:00,0.388
2309,2/1/07,14:29:00,0.458
2310,2/1/07,14:30:00,0.502
2311,2/1/07,14:31:00,0.494
2312,2/1/07,14:32:00,0.494
2313,2/1/07,14:33:00,0.5
2314,2/1/07,14:34:00,0.498
2315,2/1/07,14:35:00,0.494
2316,2/1/07,14:36:00,0.492
2317,2/1/07,14:37:00,0.486
2318,2/1/07,14:38:00,0.488
2319,2/1/07,14:39:00,0.486
2320,2/1/07,14:40:00,0.484
2321,2/1/07,14:41:00,0.482
2322,2/1/07,14:42:00,0.476
2323,2/1/07,14:43:00,0.476
2324,2/1/07,14:44:00,0.476
2325,2/1/07,14:45:00,0.384
2326,2/1/07,14:46:00,0.382
2327,2/1/07,14:47:00,0.384
2328,2/1/07,14:48:00,0.388
2329,2/1/07,14:49:00,0.386
2330,2/1/07,14:50:00,0.472
2331,2/1/07,14:51:00,0.466
2332,2/1/07,14:52:00,0.468
2333,2/1/07,14:53:00,0.466
2334,2/1/07,14:54:00,0.464
2335,2/1/07,14:55:00,0.466
2336,2/1/07,14:56:00,0.462
2337,2/1/07,14:57:00,0.456
2338,2/1/07,14:58:00,0.412
2339,2/1/07,14:59:00,0.378
2340,2/1/07,15:00:00,0.37
2341,2/1/07,15:01:00,0.372
2342,2/1/07,15:02:00,0.378
2343,2/1/07,15:03:00,0.442
2344,2/1/07,15:04:00,1.514
2345,2/1/07,15:05:00,1.512
2346,2/1/07,15:06:00,1.5
2347,2/1/07,15:07:00,1.486
2348,2/1/07,15:08:00,1.488
2349,2/1/07,15:09:00,1.482
2350,2/1/07,15:10:00,1.476
2351,2/1/07,15:11:00,1.586
2352,2/1/07,15:12:00,1.59
2353,2/1/07,15:13:00,1.59
2354,2/1/07,15:14:00,1.582
2355,2/1/07,15:15:00,1.556
2356,2/1/07,15:16:00,1.56
2357,2/1/07,15:17:00,1.562
2358,2/1/07,15:18:00,1.564
2359,2/1/07,15:19:00,1.55
2360,2/1/07,15:20:00,1.554
2361,2/1/07,15:21:00,1.556
2362,2/1/07,15:22:00,1.546
2363,2/1/07,15:23:00,1.538
2364,2/1/07,15:24:00,1.57
2365,2/1/07,15:25:00,1.628
2366,2/1/07,15:26:00,1.604
2367,2/1/07,15:27:00,1.526
2368,2/1/07,15:28:00,1.528
2369,2/1/07,15:29:00,1.568
2370,2/1/07,15:30:00,1.598
2371,2/1/07,15:31:00,1.6
2372,2/1/07,15:32:00,1.606
2373,2/1/07,15:33:00,1.604
2374,2/1/07,15:34:00,1.602
2375,2/1/07,15:35:00,1.598
2376,2/1/07,15:36:00,1.598
2377,2/1/07,15:37:00,1.598
2378,2/1/07,15:38:00,1.554
2379,2/1/07,15:39:00,1.546
2380,2/1/07,15:40:00,1.542
2381,2/1/07,15:41:00,1.532
2382,2/1/07,15:42:00,1.52
2383,2/1/07,15:43:00,1.524
2384,2/1/07,15:44:00,1.754
2385,2/1/07,15:45:00,1.652
2386,2/1/07,15:46:00,1.806
2387,2/1/07,15:47:00,1.834
2388,2/1/07,15:48:00,1.828
2389,2/1/07,15:49:00,1.83
2390,2/1/07,15:50:00,1.81
2391,2/1/07,15:51:00,1.578
2392,2/1/07,15:52:00,1.502
2393,2/1/07,15:53:00,1.582
2394,2/1/07,15:54:00,1.494
2395,2/1/07,15:55:00,1.486
2396,2/1/07,15:56:00,1.138
2397,2/1/07,15:57:00,0.398
2398,2/1/07,15:58:00,0.398
2399,2/1/07,15:59:00,0.396
2400,2/1/07,16:00:00,0.392
2401,2/1/07,16:01:00,0.394
2402,2/1/07,16:02:00,0.394
2403,2/1/07,16:03:00,0.398
2404,2/1/07,16:04:00,0.396
2405,2/1/07,16:05:00,0.396
2406,2/1/07,16:06:00,0.396
2407,2/1/07,16:07:00,0.864
2408,2/1/07,16:08:00,1.47
2409,2/1/07,16:09:00,1.452
2410,2/1/07,16:10:00,1.476
2411,2/1/07,16:11:00,1.474
2412,2/1/07,16:12:00,1.47
2413,2/1/07,16:13:00,1.466
2414,2/1/07,16:14:00,1.466
2415,2/1/07,16:15:00,1.462
2416,2/1/07,16:16:00,1.462
2417,2/1/07,16:17:00,1.468
2418,2/1/07,16:18:00,1.398
2419,2/1/07,16:19:00,1.402
2420,2/1/07,16:20:00,1.4
2421,2/1/07,16:21:00,1.404
2422,2/1/07,16:22:00,1.398
2423,2/1/07,16:23:00,1.386
2424,2/1/07,16:24:00,1.394
2425,2/1/07,16:25:00,1.396
2426,2/1/07,16:26:00,1.402
2427,2/1/07,16:27:00,1.396
2428,2/1/07,16:28:00,1.4
2429,2/1/07,16:29:00,1.39
2430,2/1/07,16:30:00,1.39
2431,2/1/07,16:31:00,1.388
2432,2/1/07,16:32:00,1.39
2433,2/1/07,16:33:00,1.43
2434,2/1/07,16:34:00,1.42
2435,2/1/07,16:35:00,1.486
2436,2/1/07,16:36:00,1.492
2437,2/1/07,16:37:00,1.482
2438,2/1/07,16:38:00,1.476
2439,2/1/07,16:39:00,1.476
2440,2/1/07,16:40:00,1.468
2441,2/1/07,16:41:00,1.464
2442,2/1/07,16:42:00,1.478
2443,2/1/07,16:43:00,1.796
2444,2/1/07,16:44:00,1.792
2445,2/1/07,16:45:00,1.786
2446,2/1/07,16:46:00,1.772
2447,2/1/07,16:47:00,1.776
2448,2/1/07,16:48:00,1.782
2449,2/1/07,16:49:00,1.808
2450,2/1/07,16:50:00,1.72
2451,2/1/07,16:51:00,1.712
2452,2/1/07,16:52:00,1.712
2453,2/1/07,16:53:00,1.756
2454,2/1/07,16:54:00,2.16
2455,2/1/07,16:55:00,2.154
2456,2/1/07,16:56:00,2.26
2457,2/1/07,16:57:00,2.43
2458,2/1/07,16:58:00,2.546
2459,2/1/07,16:59:00,2.68
2460,2/1/07,17:00:00,2.678
2461,2/1/07,17:01:00,2.664
2462,2/1/07,17:02:00,2.656
2463,2/1/07,17:03:00,2.642
2464,2/1/07,17:04:00,2.644
2465,2/1/07,17:05:00,2.63
2466,2/1/07,17:06:00,2.63
2467,2/1/07,17:07:00,2.61
2468,2/1/07,17:08:00,2.616
2469,2/1/07,17:09:00,2.63
2470,2/1/07,17:10:00,2.62
2471,2/1/07,17:11:00,2.214
2472,2/1/07,17:12:00,1.582
2473,2/1/07,17:13:00,1.584
2474,2/1/07,17:14:00,1.584
2475,2/1/07,17:15:00,1.576
2476,2/1/07,17:16:00,1.644
2477,2/1/07,17:17:00,1.888
2478,2/1/07,17:18:00,2.518
2479,2/1/07,17:19:00,2.502
2480,2/1/07,17:20:00,2.494
2481,2/1/07,17:21:00,2.506
2482,2/1/07,17:22:00,2.5
2483,2/1/07,17:23:00,2.466
2484,2/1/07,17:24:00,2.202
2485,2/1/07,17:25:00,2.184
2486,2/1/07,17:26:00,2.156
2487,2/1/07,17:27:00,1.966
2488,2/1/07,17:28:00,2.366
2489,2/1/07,17:29:00,2.478
2490,2/1/07,17:30:00,2.496
2491,2/1/07,17:31:00,2.002
2492,2/1/07,17:32:00,1.634
2493,2/1/07,17:33:00,2.246
2494,2/1/07,17:34:00,2.27
2495,2/1/07,17:35:00,2.24
2496,2/1/07,17:36:00,1.874
2497,2/1/07,17:37:00,1.356
2498,2/1/07,17:38:00,1.82
2499,2/1/07,17:39:00,1.068
2500,2/1/07,17:40:00,1.066
2501,2/1/07,17:41:00,1.064
2502,2/1/07,17:42:00,1.466
2503,2/1/07,17:43:00,2.132
2504,2/1/07,17:44:00,2.106
2505,2/1/07,17:45:00,2.104
2506,2/1/07,17:46:00,2.096
2507,2/1/07,17:47:00,2.086
2508,2/1/07,17:48:00,2.104
2509,2/1/07,17:49:00,2.102
2510,2/1/07,17:50:00,2.112
2511,2/1/07,17:51:00,2.106
2512,2/1/07,17:52:00,2.102
2513,2/1/07,17:53:00,2.096
2514,2/1/07,17:54:00,2.092
2515,2/1/07,17:55:00,2.036
2516,2/1/07,17:56:00,2.05
2517,2/1/07,17:57:00,2.048
2518,2/1/07,17:58:00,2.334
2519,2/1/07,17:59:00,2.434
2520,2/1/07,18:00:00,2.204
2521,2/1/07,18:01:00,2.144
2522,2/1/07,18:02:00,2.138
2523,2/1/07,18:03:00,2.134
2524,2/1/07,18:04:00,2.13
2525,2/1/07,18:05:00,2.138
2526,2/1/07,18:06:00,2.144
2527,2/1/07,18:07:00,2.16
2528,2/1/07,18:08:00,2.206
2529,2/1/07,18:09:00,2.724
2530,2/1/07,18:10:00,3
2531,2/1/07,18:11:00,2.992
2532,2/1/07,18:12:00,3.002
2533,2/1/07,18:13:00,2.966
2534,2/1/07,18:14:00,2.89
2535,2/1/07,18:15:00,2.956
2536,2/1/07,18:16:00,2.764
2537,2/1/07,18:17:00,2.548
2538,2/1/07,18:18:00,2.082
2539,2/1/07,18:19:00,1.962
2540,2/1/07,18:20:00,1.586
2541,2/1/07,18:21:00,1.586
2542,2/1/07,18:22:00,1.498
2543,2/1/07,18:23:00,1.568
2544,2/1/07,18:24:00,1.552
2545,2/1/07,18:25:00,1.73
2546,2/1/07,18:26:00,1.734
2547,2/1/07,18:27:00,2.114
2548,2/1/07,18:28:00,2.064
2549,2/1/07,18:29:00,2.062
2550,2/1/07,18:30:00,1.996
2551,2/1/07,18:31:00,2.042
2552,2/1/07,18:32:00,2.002
2553,2/1/07,18:33:00,2.012
2554,2/1/07,18:34:00,2.042
2555,2/1/07,18:35:00,1.806
2556,2/1/07,18:36:00,1.728
2557,2/1/07,18:37:00,1.662
2558,2/1/07,18:38:00,1.958
2559,2/1/07,18:39:00,1.986
2560,2/1/07,18:40:00,2.084
2561,2/1/07,18:41:00,1.926
2562,2/1/07,18:42:00,1.816
2563,2/1/07,18:43:00,1.798
2564,2/1/07,18:44:00,1.76
2565,2/1/07,18:45:00,2.028
2566,2/1/07,18:46:00,1.94
2567,2/1/07,18:47:00,1.93
2568,2/1/07,18:48:00,1.78
2569,2/1/07,18:49:00,1.576
2570,2/1/07,18:50:00,1.59
2571,2/1/07,18:51:00,1.532
2572,2/1/07,18:52:00,1.42
2573,2/1/07,18:53:00,1.418
2574,2/1/07,18:54:00,1.412
2575,2/1/07,18:55:00,1.344
2576,2/1/07,18:56:00,1.238
2577,2/1/07,18:57:00,1.244
2578,2/1/07,18:58:00,1.236
2579,2/1/07,18:59:00,1.24
2580,2/1/07,19:00:00,1.236
2581,2/1/07,19:01:00,1.236
2582,2/1/07,19:02:00,1.238
2583,2/1/07,19:03:00,1.246
2584,2/1/07,19:04:00,1.252
2585,2/1/07,19:05:00,1.252
2586,2/1/07,19:06:00,1.248
2587,2/1/07,19:07:00,1.256
2588,2/1/07,19:08:00,1.254
2589,2/1/07,19:09:00,1.256
2590,2/1/07,19:10:00,1.252
2591,2/1/07,19:11:00,1.25
2592,2/1/07,19:12:00,1.252
2593,2/1/07,19:13:00,1.246
2594,2/1/07,19:14:00,1.248
2595,2/1/07,19:15:00,1.252
2596,2/1/07,19:16:00,1.254
2597,2/1/07,19:17:00,1.256
2598,2/1/07,19:18:00,1.252
2599,2/1/07,19:19:00,1.25
2600,2/1/07,19:20:00,1.248
2601,2/1/07,19:21:00,1.272
2602,2/1/07,19:22:00,1.362
2603,2/1/07,19:23:00,1.348
2604,2/1/07,19:24:00,1.352
2605,2/1/07,19:25:00,1.348
2606,2/1/07,19:26:00,1.43
2607,2/1/07,19:27:00,1.438
2608,2/1/07,19:28:00,1.44
2609,2/1/07,19:29:00,1.43
2610,2/1/07,19:30:00,1.43
2611,2/1/07,19:31:00,1.424
2612,2/1/07,19:32:00,1.424
2613,2/1/07,19:33:00,1.432
2614,2/1/07,19:34:00,1.43
2615,2/1/07,19:35:00,1.364
2616,2/1/07,19:36:00,1.358
2617,2/1/07,19:37:00,1.334
2618,2/1/07,19:38:00,1.248
2619,2/1/07,19:39:00,1.246
2620,2/1/07,19:40:00,1.246
2621,2/1/07,19:41:00,1.254
2622,2/1/07,19:42:00,1.254
2623,2/1/07,19:43:00,1.27
2624,2/1/07,19:44:00,1.28
2625,2/1/07,19:45:00,1.272
2626,2/1/07,19:46:00,1.276
2627,2/1/07,19:47:00,1.416
2628,2/1/07,19:48:00,1.866
2629,2/1/07,19:49:00,1.984
2630,2/1/07,19:50:00,2.014
2631,2/1/07,19:51:00,2.24
2632,2/1/07,19:52:00,2.26
2633,2/1/07,19:53:00,2.4
2634,2/1/07,19:54:00,2.456
2635,2/1/07,19:55:00,2.528
2636,2/1/07,19:56:00,2.694
2637,2/1/07,19:57:00,2.672
2638,2/1/07,19:58:00,2.69
2639,2/1/07,19:59:00,2.682
2640,2/1/07,20:00:00,2.682
2641,2/1/07,20:01:00,2.7
2642,2/1/07,20:02:00,2.704
2643,2/1/07,20:03:00,2.706
2644,2/1/07,20:04:00,2.768
2645,2/1/07,20:05:00,2.742
2646,2/1/07,20:06:00,2.728
2647,2/1/07,20:07:00,2.73
2648,2/1/07,20:08:00,2.714
2649,2/1/07,20:09:00,3.526
2650,2/1/07,20:10:00,3.688
2651,2/1/07,20:11:00,2.51
2652,2/1/07,20:12:00,2.534
2653,2/1/07,20:13:00,2.574
2654,2/1/07,20:14:00,2.544
2655,2/1/07,20:15:00,2.47
2656,2/1/07,20:16:00,2.416
2657,2/1/07,20:17:00,2.42
2658,2/1/07,20:18:00,2.432
2659,2/1/07,20:19:00,2.446
2660,2/1/07,20:20:00,2.418
2661,2/1/07,20:21:00,2.396
2662,2/1/07,20:22:00,2.398
2663,2/1/07,20:23:00,2.4
2664,2/1/07,20:24:00,2.396
2665,2/1/07,20:25:00,2.388
2666,2/1/07,20:26:00,2.39
2667,2/1/07,20:27:00,2.386
2668,2/1/07,20:28:00,2.4
2669,2/1/07,20:29:00,2.476
2670,2/1/07,20:30:00,2.458
2671,2/1/07,20:31:00,2.47
2672,2/1/07,20:32:00,2.428
2673,2/1/07,20:33:00,2.552
2674,2/1/07,20:34:00,2.58
2675,2/1/07,20:35:00,2.436
2676,2/1/07,20:36:00,2.434
2677,2/1/07,20:37:00,2.424
2678,2/1/07,20:38:00,2.478
2679,2/1/07,20:39:00,2.516
2680,2/1/07,20:40:00,2.446
2681,2/1/07,20:41:00,2.518
2682,2/1/07,20:42:00,2.538
2683,2/1/07,20:43:00,2.542
2684,2/1/07,20:44:00,2.548
2685,2/1/07,20:45:00,2.544
2686,2/1/07,20:46:00,2.532
2687,2/1/07,20:47:00,2.524
2688,2/1/07,20:48:00,2.512
2689,2/1/07,20:49:00,2.508
2690,2/1/07,20:50:00,2.514
2691,2/1/07,20:51:00,2.538
2692,2/1/07,20:52:00,2.554
2693,2/1/07,20:53:00,2.736
2694,2/1/07,20:54:00,2.736
2695,2/1/07,20:55:00,2.65
2696,2/1/07,20:56:00,2.664
2697,2/1/07,20:57:00,2.658
2698,2/1/07,20:58:00,2.654
2699,2/1/07,20:59:00,2.638
2700,2/1/07,21:00:00,2.634
2701,2/1/07,21:01:00,2.634
2702,2/1/07,21:02:00,2.626
2703,2/1/07,21:03:00,2.638
2704,2/1/07,21:04:00,2.662
2705,2/1/07,21:05:00,2.66
2706,2/1/07,21:06:00,2.668
2707,2/1/07,21:07:00,2.664
2708,2/1/07,21:08:00,2.484
2709,2/1/07,21:09:00,1.61
2710,2/1/07,21:10:00,1.614
2711,2/1/07,21:11:00,1.614
2712,2/1/07,21:12:00,1.604
2713,2/1/07,21:13:00,1.616
2714,2/1/07,21:14:00,1.614
2715,2/1/07,21:15:00,1.616
2716,2/1/07,21:16:00,1.584
2717,2/1/07,21:17:00,1.836
2718,2/1/07,21:18:00,1.904
2719,2/1/07,21:19:00,1.964
2720,2/1/07,21:20:00,2.056
2721,2/1/07,21:21:00,1.5
2722,2/1/07,21:22:00,1.516
2723,2/1/07,21:23:00,1.51
2724,2/1/07,21:24:00,1.508
2725,2/1/07,21:25:00,1.502
2726,2/1/07,21:26:00,1.502
2727,2/1/07,21:27:00,1.5
2728,2/1/07,21:28:00,1.46
2729,2/1/07,21:29:00,1.428
2730,2/1/07,21:30:00,1.32
2731,2/1/07,21:31:00,1.122
2732,2/1/07,21:32:00,1.244
2733,2/1/07,21:33:00,1.242
2734,2/1/07,21:34:00,1.238
2735,2/1/07,21:35:00,1.226
2736,2/1/07,21:36:00,1.166
2737,2/1/07,21:37:00,1.104
2738,2/1/07,21:38:00,0.876
2739,2/1/07,21:39:00,0.964
2740,2/1/07,21:40:00,0.43
2741,2/1/07,21:41:00,0.428
2742,2/1/07,21:42:00,0.428
2743,2/1/07,21:43:00,0.43
2744,2/1/07,21:44:00,0.432
2745,2/1/07,21:45:00,0.776
2746,2/1/07,21:46:00,0.88
2747,2/1/07,21:47:00,0.768
2748,2/1/07,21:48:00,0.614
2749,2/1/07,21:49:00,0.426
2750,2/1/07,21:50:00,0.426
2751,2/1/07,21:51:00,0.426
2752,2/1/07,21:52:00,0.424
2753,2/1/07,21:53:00,0.426
2754,2/1/07,21:54:00,0.426
2755,2/1/07,21:55:00,0.424
2756,2/1/07,21:56:00,0.424
2757,2/1/07,21:57:00,0.468
2758,2/1/07,21:58:00,0.5
2759,2/1/07,21:59:00,0.5
2760,2/1/07,22:00:00,0.498
2761,2/1/07,22:01:00,0.53
2762,2/1/07,22:02:00,0.604
2763,2/1/07,22:03:00,0.6
2764,2/1/07,22:04:00,0.596
2765,2/1/07,22:05:00,0.592
2766,2/1/07,22:06:00,0.564
2767,2/1/07,22:07:00,0.52
2768,2/1/07,22:08:00,0.518
2769,2/1/07,22:09:00,0.516
2770,2/1/07,22:10:00,0.516
2771,2/1/07,22:11:00,0.516
2772,2/1/07,22:12:00,0.516
2773,2/1/07,22:13:00,0.516
2774,2/1/07,22:14:00,0.518
2775,2/1/07,22:15:00,0.518
2776,2/1/07,22:16:00,0.516
2777,2/1/07,22:17:00,0.508
2778,2/1/07,22:18:00,0.426
2779,2/1/07,22:19:00,0.426
2780,2/1/07,22:20:00,0.424
2781,2/1/07,22:21:00,0.424
2782,2/1/07,22:22:00,0.426
2783,2/1/07,22:23:00,0.428
2784,2/1/07,22:24:00,0.428
2785,2/1/07,22:25:00,0.428
2786,2/1/07,22:26:00,0.428
2787,2/1/07,22:27:00,0.428
2788,2/1/07,22:28:00,0.426
2789,2/1/07,22:29:00,0.426
2790,2/1/07,22:30:00,0.426
2791,2/1/07,22:31:00,0.426
2792,2/1/07,22:32:00,0.426
2793,2/1/07,22:33:00,0.428
2794,2/1/07,22:34:00,0.43
2795,2/1/07,22:35:00,0.45
2796,2/1/07,22:36:00,0.506
2797,2/1/07,22:37:00,0.508
2798,2/1/07,22:38:00,0.556
2799,2/1/07,22:39:00,0.586
2800,2/1/07,22:40:00,0.588
2801,2/1/07,22:41:00,0.584
2802,2/1/07,22:42:00,0.584
2803,2/1/07,22:43:00,0.666
2804,2/1/07,22:44:00,0.674
2805,2/1/07,22:45:00,0.622
2806,2/1/07,22:46:00,0.618
2807,2/1/07,22:47:00,0.618
2808,2/1/07,22:48:00,0.614
2809,2/1/07,22:49:00,0.612
2810,2/1/07,22:50:00,0.61
2811,2/1/07,22:51:00,0.608
2812,2/1/07,22:52:00,0.61
2813,2/1/07,22:53:00,0.61
2814,2/1/07,22:54:00,0.608
2815,2/1/07,22:55:00,0.606
2816,2/1/07,22:56:00,0.604
2817,2/1/07,22:57:00,0.604
2818,2/1/07,22:58:00,0.6
2819,2/1/07,22:59:00,0.532
2820,2/1/07,23:00:00,0.504
2821,2/1/07,23:01:00,0.502
2822,2/1/07,23:02:00,0.502
2823,2/1/07,23:03:00,0.504
2824,2/1/07,23:04:00,0.504
2825,2/1/07,23:05:00,0.47
2826,2/1/07,23:06:00,0.43
2827,2/1/07,23:07:00,0.43
2828,2/1/07,23:08:00,0.43
2829,2/1/07,23:09:00,0.43
2830,2/1/07,23:10:00,0.428
2831,2/1/07,23:11:00,0.428
2832,2/1/07,23:12:00,0.426
2833,2/1/07,23:13:00,0.424
2834,2/1/07,23:14:00,0.47
2835,2/1/07,23:15:00,0.502
2836,2/1/07,23:16:00,0.504
2837,2/1/07,23:17:00,0.504
2838,2/1/07,23:18:00,0.504
2839,2/1/07,23:19:00,0.506
2840,2/1/07,23:20:00,0.504
2841,2/1/07,23:21:00,0.504
2842,2/1/07,23:22:00,0.502
2843,2/1/07,23:23:00,0.45
2844,2/1/07,23:24:00,0.462
2845,2/1/07,23:25:00,0.544
2846,2/1/07,23:26:00,0.542
2847,2/1/07,23:27:00,0.538
2848,2/1/07,23:28:00,0.536
2849,2/1/07,23:29:00,0.534
2850,2/1/07,23:30:00,0.532
2851,2/1/07,23:31:00,0.53
2852,2/1/07,23:32:00,0.53
2853,2/1/07,23:33:00,0.53
2854,2/1/07,23:34:00,0.528
2855,2/1/07,23:35:00,0.53
2856,2/1/07,23:36:00,0.528
2857,2/1/07,23:37:00,0.528
2858,2/1/07,23:38:00,0.606
2859,2/1/07,23:39:00,1.064
2860,2/1/07,23:40:00,1.176
2861,2/1/07,23:41:00,1.308
2862,2/1/07,23:42:00,1.304
2863,2/1/07,23:43:00,1.3
2864,2/1/07,23:44:00,1.3
2865,2/1/07,23:45:00,1.306
2866,2/1/07,23:46:00,1.306
2867,2/1/07,23:47:00,1.298
2868,2/1/07,23:48:00,1
2869,2/1/07,23:49:00,0.954
2870,2/1/07,23:50:00,1.298
2871,2/1/07,23:51:00,1.156
2872,2/1/07,23:52:00,1.124
2873,2/1/07,23:53:00,1.124
2874,2/1/07,23:54:00,1.208
2875,2/1/07,23:55:00,1.194
2876,2/1/07,23:56:00,1.198
2877,2/1/07,23:57:00,1.198
2878,2/1/07,23:58:00,1.2
2879,2/1/07,23:59:00,1.258
